sourceIdx,targetIdx
0,0
1,0
5,0
0,1
1,1
2,1
6,1
1,2
2,2
3,2
7,2
2,3
3,3
8,3
4,4
5,4
52,4
0,5
4,5
5,5
6,5
9,5
1,6
5,6
6,6
7,6
10,6
2,7
6,7
7,7
8,7
3,8
7,8
8,8
5,9
9,9
10,9
6,10
9,10
10,10
11,11
63,11
12,12
13,12
15,12
59,12
60,12
12,13
13,13
16,13
61,13
14,14
15,14
12,15
14,15
15,15
16,15
13,16
15,16
16,16
17,16
65,16
72,16
16,17
17,17
18,17
82,17
88,17
17,18
18,18
21,18
107,18
19,19
20,19
19,20
20,20
21,20
18,21
20,21
21,21
23,21
119,21
22,22
21,23
23,23
25,23
126,23
131,23
24,24
23,25
25,25
27,25
138,25
26,26
28,26
25,27
27,27
29,27
182,27
205,27
26,28
28,28
27,29
29,29
31,29
232,29
250,29
30,30
29,31
31,31
35,31
271,31
293,31
32,32
33,32
36,32
32,33
33,33
34,33
37,33
33,34
34,34
35,34
38,34
31,35
34,35
35,35
39,35
313,35
339,35
32,36
36,36
37,36
33,37
36,37
37,37
38,37
34,38
37,38
38,38
39,38
401,38
35,39
38,39
39,39
365,39
388,39
401,39
403,39
40,40
41,40
45,40
638,40
40,41
41,41
42,41
46,41
639,41
640,41
41,42
42,42
43,42
47,42
641,42
642,42
42,43
43,43
643,43
644,43
44,44
45,44
48,44
714,44
742,44
770,44
40,45
44,45
45,45
46,45
49,45
41,46
45,46
46,46
47,46
42,47
46,47
47,47
44,48
48,48
49,48
770,48
791,48
45,49
48,49
49,49
50,50
52,50
51,51
52,51
53,51
54,51
4,52
50,52
51,52
52,52
51,53
53,53
54,53
51,54
53,54
54,54
55,55
56,55
57,55
59,55
55,56
56,56
57,56
58,56
60,56
55,57
56,57
57,57
56,58
58,58
60,58
12,59
55,59
59,59
60,59
12,60
56,60
58,60
59,60
60,60
13,61
61,61
62,61
65,61
61,62
62,62
11,63
63,63
64,63
69,63
63,64
64,64
69,64
78,64
16,65
61,65
65,65
72,65
82,65
66,66
67,66
68,66
75,66
66,67
67,67
68,67
69,67
76,67
66,68
67,68
68,68
69,68
70,68
77,68
83,68
63,69
64,69
67,69
68,69
69,69
70,69
78,69
84,69
68,70
69,70
70,70
71,70
79,70
85,70
70,71
71,71
81,71
87,71
16,72
65,72
72,72
73,72
74,72
82,72
88,72
72,73
73,73
74,73
75,73
89,73
72,74
73,74
74,74
75,74
76,74
90,74
66,75
73,75
74,75
75,75
76,75
77,75
91,75
67,76
74,76
75,76
76,76
77,76
78,76
92,76
68,77
75,77
76,77
77,77
78,77
79,77
83,77
93,77
64,78
69,78
76,78
77,78
78,78
79,78
80,78
84,78
94,78
70,79
77,79
78,79
79,79
80,79
81,79
85,79
95,79
78,80
79,80
80,80
81,80
86,80
96,80
71,81
79,81
80,81
81,81
87,81
97,81
17,82
65,82
72,82
82,82
88,82
68,83
77,83
83,83
84,83
85,83
93,83
101,83
69,84
78,84
83,84
84,84
85,84
86,84
94,84
102,84
70,85
79,85
83,85
84,85
85,85
86,85
87,85
95,85
103,85
80,86
84,86
85,86
86,86
87,86
96,86
104,86
71,87
81,87
85,87
86,87
87,87
97,87
105,87
17,88
72,88
82,88
88,88
89,88
90,88
107,88
73,89
88,89
89,89
90,89
91,89
99,89
108,89
74,90
88,90
89,90
90,90
91,90
92,90
100,90
109,90
75,91
89,91
90,91
91,91
92,91
93,91
110,91
76,92
90,92
91,92
92,92
93,92
94,92
111,92
77,93
83,93
91,93
92,93
93,93
94,93
95,93
101,93
78,94
84,94
92,94
93,94
94,94
95,94
96,94
102,94
79,95
85,95
93,95
94,95
95,95
96,95
97,95
103,95
80,96
86,96
94,96
95,96
96,96
97,96
98,96
104,96
81,97
87,97
95,97
96,97
97,97
98,97
105,97
112,97
96,98
97,98
98,98
106,98
113,98
89,99
99,99
100,99
108,99
90,100
99,100
100,100
109,100
114,100
83,101
93,101
101,101
102,101
103,101
84,102
94,102
101,102
102,102
103,102
104,102
85,103
95,103
101,103
102,103
103,103
104,103
105,103
86,104
96,104
102,104
103,104
104,104
105,104
106,104
87,105
97,105
103,105
104,105
105,105
106,105
112,105
117,105
98,106
104,106
105,106
106,106
113,106
118,106
18,107
88,107
107,107
108,107
109,107
119,107
89,108
99,108
107,108
108,108
109,108
110,108
120,108
90,109
100,109
107,109
108,109
109,109
110,109
111,109
114,109
121,109
91,110
108,110
109,110
110,110
111,110
115,110
122,110
92,111
109,111
110,111
111,111
116,111
123,111
97,112
105,112
112,112
113,112
117,112
124,112
98,113
106,113
112,113
113,113
118,113
125,113
100,114
109,114
114,114
115,114
116,114
121,114
110,115
114,115
115,115
116,115
122,115
127,115
111,116
114,116
115,116
116,116
123,116
128,116
105,117
112,117
117,117
118,117
124,117
129,117
106,118
113,118
117,118
118,118
125,118
130,118
21,119
107,119
119,119
120,119
121,119
126,119
131,119
108,120
119,120
120,120
121,120
122,120
132,120
109,121
114,121
119,121
120,121
121,121
122,121
123,121
133,121
110,122
115,122
120,122
121,122
122,122
123,122
127,122
134,122
111,123
116,123
121,123
122,123
123,123
128,123
112,124
117,124
124,124
125,124
129,124
135,124
113,125
118,125
124,125
125,125
130,125
136,125
23,126
119,126
126,126
131,126
138,126
115,127
122,127
127,127
128,127
134,127
140,127
116,128
123,128
127,128
128,128
117,129
124,129
129,129
130,129
135,129
144,129
118,130
125,130
129,130
130,130
136,130
145,130
23,131
119,131
126,131
131,131
132,131
133,131
138,131
120,132
131,132
132,132
133,132
134,132
139,132
158,132
121,133
131,133
132,133
133,133
134,133
122,134
127,134
132,134
133,134
134,134
140,134
124,135
129,135
135,135
136,135
144,135
163,135
125,136
130,136
135,136
136,136
145,136
164,136
137,137
146,137
170,137
25,138
126,138
131,138
138,138
139,138
182,138
132,139
138,139
139,139
140,139
158,139
183,139
127,140
134,140
139,140
140,140
141,141
142,141
143,141
160,141
185,141
141,142
142,142
143,142
144,142
161,142
186,142
141,143
142,143
143,143
144,143
145,143
162,143
187,143
129,144
135,144
142,144
143,144
144,144
145,144
163,144
130,145
136,145
143,145
144,145
145,145
164,145
137,146
146,146
147,146
170,146
190,146
146,147
147,147
171,147
191,147
148,148
149,148
150,148
174,148
196,148
148,149
149,149
150,149
151,149
175,149
197,149
148,150
149,150
150,150
151,150
152,150
198,150
149,151
150,151
151,151
152,151
153,151
176,151
199,151
150,152
151,152
152,152
153,152
154,152
177,152
200,152
151,153
152,153
153,153
154,153
155,153
178,153
201,153
152,154
153,154
154,154
155,154
156,154
179,154
202,154
153,155
154,155
155,155
156,155
157,155
180,155
203,155
154,156
155,156
156,156
157,156
181,156
204,156
155,157
156,157
157,157
132,158
139,158
158,158
183,158
206,158
159,159
160,159
161,159
184,159
210,159
141,160
159,160
160,160
161,160
162,160
185,160
211,160
142,161
159,161
160,161
161,161
162,161
163,161
186,161
212,161
143,162
160,162
161,162
162,162
163,162
164,162
187,162
213,162
135,163
144,163
161,163
162,163
163,163
164,163
165,163
136,164
145,164
162,164
163,164
164,164
165,164
166,164
163,165
164,165
165,165
166,165
167,165
164,166
165,166
166,166
167,166
168,166
165,167
166,167
167,167
168,167
169,167
166,168
167,168
168,168
169,168
170,168
188,168
214,168
167,169
168,169
169,169
170,169
171,169
189,169
215,169
137,170
146,170
168,170
169,170
170,170
171,170
172,170
190,170
216,170
147,171
169,171
170,171
171,171
172,171
173,171
191,171
170,172
171,172
172,172
173,172
192,172
217,172
171,173
172,173
173,173
193,173
218,173
148,174
174,174
175,174
196,174
223,174
149,175
174,175
175,175
176,175
197,175
224,175
151,176
175,176
176,176
177,176
178,176
199,176
226,176
152,177
176,177
177,177
178,177
179,177
200,177
227,177
153,178
176,178
177,178
178,178
179,178
180,178
201,178
228,178
154,179
177,179
178,179
179,179
180,179
181,179
202,179
229,179
155,180
178,180
179,180
180,180
181,180
203,180
230,180
156,181
179,181
180,181
181,181
204,181
231,181
27,182
138,182
182,182
183,182
205,182
232,182
139,183
158,183
182,183
183,183
206,183
159,184
184,184
185,184
186,184
210,184
141,185
160,185
184,185
185,185
186,185
187,185
211,185
233,185
142,186
161,186
184,186
185,186
186,186
187,186
212,186
234,186
143,187
162,187
185,187
186,187
187,187
213,187
235,187
168,188
188,188
189,188
190,188
214,188
169,189
188,189
189,189
190,189
191,189
215,189
146,190
170,190
188,190
189,190
190,190
191,190
192,190
216,190
147,191
171,191
189,191
190,191
191,191
192,191
193,191
172,192
190,192
191,192
192,192
193,192
194,192
217,192
173,193
191,193
192,193
193,193
194,193
195,193
218,193
192,194
193,194
194,194
195,194
219,194
236,194
193,195
194,195
195,195
220,195
237,195
148,196
174,196
196,196
197,196
198,196
223,196
242,196
149,197
175,197
196,197
197,197
198,197
199,197
224,197
243,197
150,198
196,198
197,198
198,198
199,198
200,198
225,198
244,198
151,199
176,199
197,199
198,199
199,199
200,199
201,199
226,199
245,199
152,200
177,200
198,200
199,200
200,200
201,200
202,200
227,200
153,201
178,201
199,201
200,201
201,201
202,201
203,201
228,201
246,201
154,202
179,202
200,202
201,202
202,202
203,202
204,202
229,202
247,202
155,203
180,203
201,203
202,203
203,203
204,203
230,203
248,203
156,204
181,204
202,204
203,204
204,204
231,204
249,204
27,205
182,205
205,205
206,205
207,205
232,205
250,205
158,206
183,206
205,206
206,206
207,206
208,206
205,207
206,207
207,207
208,207
209,207
206,208
207,208
208,208
209,208
210,208
207,209
208,209
209,209
210,209
211,209
159,210
184,210
208,210
209,210
210,210
211,210
212,210
160,211
185,211
209,211
210,211
211,211
212,211
213,211
233,211
251,211
161,212
186,212
210,212
211,212
212,212
213,212
234,212
252,212
162,213
187,213
211,213
212,213
213,213
235,213
168,214
188,214
214,214
215,214
216,214
169,215
189,215
214,215
215,215
216,215
170,216
190,216
214,216
215,216
216,216
217,216
172,217
192,217
216,217
217,217
218,217
219,217
173,218
193,218
217,218
218,218
219,218
220,218
194,219
217,219
218,219
219,219
220,219
221,219
236,219
195,220
218,220
219,220
220,220
221,220
222,220
237,220
219,221
220,221
221,221
222,221
238,221
253,221
220,222
221,222
222,222
239,222
254,222
174,223
196,223
223,223
224,223
225,223
242,223
257,223
175,224
197,224
223,224
224,224
225,224
226,224
243,224
258,224
198,225
223,225
224,225
225,225
226,225
227,225
244,225
259,225
176,226
199,226
224,226
225,226
226,226
227,226
228,226
245,226
260,226
177,227
200,227
225,227
226,227
227,227
228,227
229,227
261,227
178,228
201,228
226,228
227,228
228,228
229,228
230,228
246,228
262,228
179,229
202,229
227,229
228,229
229,229
230,229
231,229
247,229
263,229
180,230
203,230
228,230
229,230
230,230
231,230
248,230
264,230
181,231
204,231
229,231
230,231
231,231
249,231
265,231
29,232
182,232
205,232
232,232
250,232
271,232
185,233
211,233
233,233
234,233
235,233
251,233
272,233
186,234
212,234
233,234
234,234
235,234
252,234
273,234
187,235
213,235
233,235
234,235
235,235
274,235
194,236
219,236
236,236
237,236
238,236
195,237
220,237
236,237
237,237
238,237
239,237
221,238
236,238
237,238
238,238
239,238
240,238
253,238
275,238
222,239
237,239
238,239
239,239
240,239
241,239
254,239
276,239
238,240
239,240
240,240
241,240
255,240
277,240
239,241
240,241
241,241
256,241
278,241
196,242
223,242
242,242
243,242
244,242
257,242
279,242
197,243
224,243
242,243
243,243
244,243
245,243
258,243
280,243
198,244
225,244
242,244
243,244
244,244
245,244
259,244
281,244
199,245
226,245
243,245
244,245
245,245
246,245
260,245
282,245
201,246
228,246
245,246
246,246
247,246
248,246
262,246
284,246
202,247
229,247
246,247
247,247
248,247
249,247
263,247
285,247
203,248
230,248
246,248
247,248
248,248
249,248
264,248
286,248
204,249
231,249
247,249
248,249
249,249
265,249
287,249
29,250
205,250
232,250
250,250
271,250
293,250
211,251
233,251
251,251
252,251
272,251
294,251
212,252
234,252
251,252
252,252
273,252
295,252
221,253
238,253
253,253
254,253
255,253
275,253
297,253
222,254
239,254
253,254
254,254
255,254
256,254
276,254
298,254
240,255
253,255
254,255
255,255
256,255
277,255
299,255
241,256
254,256
255,256
256,256
278,256
300,256
223,257
242,257
257,257
258,257
259,257
279,257
301,257
224,258
243,258
257,258
258,258
259,258
260,258
280,258
302,258
225,259
244,259
257,259
258,259
259,259
260,259
261,259
281,259
303,259
226,260
245,260
258,260
259,260
260,260
261,260
262,260
282,260
304,260
227,261
259,261
260,261
261,261
262,261
263,261
283,261
305,261
228,262
246,262
260,262
261,262
262,262
263,262
264,262
284,262
306,262
229,263
247,263
261,263
262,263
263,263
264,263
265,263
285,263
307,263
230,264
248,264
262,264
263,264
264,264
265,264
266,264
286,264
231,265
249,265
263,265
264,265
265,265
266,265
267,265
287,265
308,265
264,266
265,266
266,266
267,266
268,266
288,266
309,266
265,267
266,267
267,267
268,267
269,267
289,267
266,268
267,268
268,268
269,268
270,268
290,268
310,268
267,269
268,269
269,269
270,269
291,269
311,269
268,270
269,270
270,270
292,270
312,270
31,271
232,271
250,271
271,271
293,271
313,271
233,272
251,272
272,272
273,272
274,272
294,272
318,272
234,273
252,273
272,273
273,273
274,273
295,273
319,273
235,274
272,274
273,274
274,274
296,274
320,274
238,275
253,275
275,275
276,275
277,275
297,275
321,275
239,276
254,276
275,276
276,276
277,276
278,276
298,276
322,276
240,277
255,277
275,277
276,277
277,277
278,277
299,277
323,277
241,278
256,278
276,278
277,278
278,278
300,278
324,278
242,279
257,279
279,279
280,279
281,279
301,279
328,279
243,280
258,280
279,280
280,280
281,280
282,280
302,280
329,280
244,281
259,281
279,281
280,281
281,281
282,281
283,281
303,281
330,281
245,282
260,282
280,282
281,282
282,282
283,282
284,282
304,282
331,282
261,283
281,283
282,283
283,283
284,283
285,283
305,283
332,283
246,284
262,284
282,284
283,284
284,284
285,284
286,284
306,284
333,284
247,285
263,285
283,285
284,285
285,285
286,285
287,285
307,285
334,285
248,286
264,286
284,286
285,286
286,286
287,286
288,286
249,287
265,287
285,287
286,287
287,287
288,287
289,287
308,287
266,288
286,288
287,288
288,288
289,288
290,288
309,288
335,288
267,289
287,289
288,289
289,289
290,289
291,289
268,290
288,290
289,290
290,290
291,290
292,290
310,290
336,290
269,291
289,291
290,291
291,291
292,291
311,291
337,291
270,292
290,292
291,292
292,292
312,292
338,292
31,293
250,293
271,293
293,293
313,293
339,293
251,294
272,294
294,294
295,294
296,294
318,294
345,294
252,295
273,295
294,295
295,295
296,295
319,295
346,295
274,296
294,296
295,296
296,296
320,296
347,296
253,297
275,297
297,297
298,297
299,297
321,297
348,297
254,298
276,298
297,298
298,298
299,298
300,298
322,298
349,298
255,299
277,299
297,299
298,299
299,299
300,299
323,299
350,299
256,300
278,300
298,300
299,300
300,300
324,300
351,300
257,301
279,301
301,301
302,301
303,301
328,301
355,301
258,302
280,302
301,302
302,302
303,302
304,302
329,302
356,302
259,303
281,303
301,303
302,303
303,303
304,303
305,303
330,303
357,303
260,304
282,304
302,304
303,304
304,304
305,304
306,304
331,304
358,304
261,305
283,305
303,305
304,305
305,305
306,305
307,305
332,305
359,305
262,306
284,306
304,306
305,306
306,306
307,306
333,306
360,306
263,307
285,307
305,307
306,307
307,307
308,307
334,307
361,307
265,308
287,308
307,308
308,308
309,308
362,308
266,309
288,309
308,309
309,309
310,309
335,309
268,310
290,310
309,310
310,310
311,310
312,310
336,310
363,310
269,311
291,311
310,311
311,311
312,311
337,311
364,311
270,312
292,312
310,312
311,312
312,312
338,312
35,313
271,313
293,313
313,313
314,313
339,313
365,313
313,314
314,314
315,314
316,314
341,314
367,314
314,315
315,315
316,315
317,315
342,315
368,315
314,316
315,316
316,316
317,316
318,316
343,316
369,316
315,317
316,317
317,317
318,317
319,317
344,317
370,317
272,318
294,318
316,318
317,318
318,318
319,318
320,318
345,318
371,318
273,319
295,319
317,319
318,319
319,319
320,319
346,319
372,319
274,320
296,320
318,320
319,320
320,320
347,320
275,321
297,321
321,321
322,321
323,321
348,321
373,321
276,322
298,322
321,322
322,322
323,322
324,322
349,322
374,322
277,323
299,323
321,323
322,323
323,323
324,323
325,323
350,323
375,323
278,324
300,324
322,324
323,324
324,324
325,324
326,324
351,324
376,324
323,325
324,325
325,325
326,325
327,325
352,325
377,325
324,326
325,326
326,326
327,326
328,326
353,326
378,326
325,327
326,327
327,327
328,327
329,327
354,327
379,327
279,328
301,328
326,328
327,328
328,328
329,328
330,328
355,328
380,328
280,329
302,329
327,329
328,329
329,329
330,329
331,329
356,329
381,329
281,330
303,330
328,330
329,330
330,330
331,330
332,330
357,330
382,330
282,331
304,331
329,331
330,331
331,331
332,331
333,331
358,331
383,331
283,332
305,332
330,332
331,332
332,332
333,332
334,332
359,332
284,333
306,333
331,333
332,333
333,333
334,333
360,333
285,334
307,334
332,334
333,334
334,334
361,334
288,335
309,335
335,335
336,335
385,335
290,336
310,336
335,336
336,336
337,336
338,336
363,336
387,336
291,337
311,337
336,337
337,337
338,337
364,337
292,338
312,338
336,338
337,338
338,338
35,339
293,339
313,339
339,339
340,339
341,339
365,339
388,339
339,340
340,340
341,340
342,340
366,340
314,341
339,341
340,341
341,341
342,341
343,341
367,341
315,342
340,342
341,342
342,342
343,342
344,342
368,342
316,343
341,343
342,343
343,343
344,343
345,343
369,343
317,344
342,344
343,344
344,344
345,344
346,344
370,344
389,344
294,345
318,345
343,345
344,345
345,345
346,345
347,345
371,345
390,345
295,346
319,346
344,346
345,346
346,346
347,346
372,346
296,347
320,347
345,347
346,347
347,347
297,348
321,348
348,348
349,348
350,348
373,348
391,348
298,349
322,349
348,349
349,349
350,349
351,349
374,349
299,350
323,350
348,350
349,350
350,350
351,350
352,350
375,350
300,351
324,351
349,351
350,351
351,351
352,351
353,351
376,351
325,352
350,352
351,352
352,352
353,352
354,352
377,352
326,353
351,353
352,353
353,353
354,353
355,353
378,353
327,354
352,354
353,354
354,354
355,354
356,354
379,354
301,355
328,355
353,355
354,355
355,355
356,355
357,355
380,355
302,356
329,356
354,356
355,356
356,356
357,356
358,356
381,356
303,357
330,357
355,357
356,357
357,357
358,357
359,357
382,357
392,357
304,358
331,358
356,358
357,358
358,358
359,358
360,358
383,358
393,358
305,359
332,359
357,359
358,359
359,359
360,359
361,359
306,360
333,360
358,360
359,360
360,360
361,360
307,361
334,361
359,361
360,361
361,361
362,361
308,362
361,362
362,362
384,362
395,362
310,363
336,363
363,363
364,363
387,363
398,363
311,364
337,364
363,364
364,364
399,364
39,365
313,365
339,365
365,365
366,365
367,365
388,365
404,365
340,366
365,366
366,366
367,366
368,366
314,367
341,367
365,367
366,367
367,367
368,367
369,367
315,368
342,368
366,368
367,368
368,368
369,368
370,368
316,369
343,369
367,369
368,369
369,369
370,369
371,369
317,370
344,370
368,370
369,370
370,370
371,370
372,370
389,370
405,370
318,371
345,371
369,371
370,371
371,371
372,371
390,371
406,371
319,372
346,372
370,372
371,372
372,372
321,373
348,373
373,373
374,373
375,373
391,373
322,374
349,374
373,374
374,374
375,374
376,374
323,375
350,375
373,375
374,375
375,375
376,375
377,375
324,376
351,376
374,376
375,376
376,376
377,376
378,376
325,377
352,377
375,377
376,377
377,377
378,377
379,377
326,378
353,378
376,378
377,378
378,378
379,378
380,378
327,379
354,379
377,379
378,379
379,379
380,379
381,379
328,380
355,380
378,380
379,380
380,380
381,380
382,380
329,381
356,381
379,381
380,381
381,381
382,381
383,381
330,382
357,382
380,382
381,382
382,382
383,382
392,382
407,382
331,383
358,383
381,383
382,383
383,383
393,383
408,383
362,384
384,384
385,384
386,384
395,384
409,384
335,385
384,385
385,385
386,385
387,385
396,385
410,385
384,386
385,386
386,386
387,386
397,386
411,386
336,387
363,387
385,387
386,387
387,387
398,387
412,387
39,388
339,388
365,388
388,388
404,388
418,388
344,389
370,389
389,389
390,389
405,389
419,389
345,390
371,390
389,390
390,390
406,390
420,390
348,391
373,391
391,391
357,392
382,392
392,392
393,392
407,392
421,392
358,393
383,393
392,393
393,393
408,393
422,393
394,394
395,394
396,394
426,394
362,395
384,395
394,395
395,395
396,395
397,395
409,395
427,395
385,396
394,396
395,396
396,396
397,396
398,396
410,396
428,396
386,397
395,397
396,397
397,397
398,397
399,397
411,397
363,398
387,398
396,398
397,398
398,398
399,398
412,398
364,399
397,399
398,399
399,399
400,400
413,400
429,400
38,401
39,401
401,401
402,401
403,401
434,401
401,402
402,402
403,402
404,402
416,402
435,402
39,403
401,403
402,403
403,403
404,403
417,403
436,403
365,404
388,404
402,404
403,404
404,404
418,404
437,404
370,405
389,405
405,405
406,405
419,405
442,405
371,406
390,406
405,406
406,406
420,406
443,406
382,407
392,407
407,407
408,407
421,407
444,407
383,408
393,408
407,408
408,408
422,408
445,408
384,409
395,409
409,409
410,409
411,409
427,409
450,409
385,410
396,410
409,410
410,410
411,410
412,410
428,410
451,410
386,411
397,411
409,411
410,411
411,411
412,411
387,412
398,412
410,412
411,412
412,412
400,413
413,413
414,413
429,413
413,414
414,414
430,414
415,415
416,415
433,415
452,415
402,416
415,416
416,416
417,416
418,416
435,416
403,417
416,417
417,417
418,417
436,417
388,418
404,418
416,418
417,418
418,418
437,418
389,419
405,419
419,419
420,419
442,419
457,419
390,420
406,420
419,420
420,420
443,420
458,420
392,421
407,421
421,421
422,421
423,421
444,421
463,421
393,422
408,422
421,422
422,422
423,422
424,422
445,422
464,422
421,423
422,423
423,423
424,423
425,423
446,423
465,423
422,424
423,424
424,424
425,424
426,424
447,424
466,424
423,425
424,425
425,425
426,425
427,425
448,425
467,425
394,426
424,426
425,426
426,426
427,426
428,426
449,426
395,427
409,427
425,427
426,427
427,427
428,427
450,427
468,427
396,428
410,428
426,428
427,428
428,428
451,428
469,428
400,429
413,429
429,429
430,429
431,429
414,430
429,430
430,430
431,430
432,430
429,431
430,431
431,431
432,431
433,431
430,432
431,432
432,432
433,432
434,432
415,433
431,433
432,433
433,433
434,433
435,433
452,433
470,433
401,434
432,434
433,434
434,434
435,434
436,434
402,435
416,435
433,435
434,435
435,435
436,435
437,435
403,436
417,436
434,436
435,436
436,436
437,436
438,436
471,436
404,437
418,437
435,437
436,437
437,437
438,437
439,437
472,437
436,438
437,438
438,438
439,438
440,438
453,438
473,438
437,439
438,439
439,439
440,439
441,439
454,439
474,439
438,440
439,440
440,440
441,440
442,440
455,440
475,440
439,441
440,441
441,441
442,441
443,441
456,441
476,441
405,442
419,442
440,442
441,442
442,442
443,442
457,442
477,442
406,443
420,443
441,443
442,443
443,443
458,443
478,443
407,444
421,444
444,444
445,444
446,444
463,444
408,445
422,445
444,445
445,445
446,445
447,445
464,445
487,445
423,446
444,446
445,446
446,446
447,446
448,446
465,446
488,446
424,447
445,447
446,447
447,447
448,447
449,447
466,447
489,447
425,448
446,448
447,448
448,448
449,448
450,448
467,448
426,449
447,449
448,449
449,449
450,449
451,449
409,450
427,450
448,450
449,450
450,450
451,450
468,450
410,451
428,451
449,451
450,451
451,451
469,451
415,452
433,452
452,452
470,452
490,452
438,453
453,453
454,453
455,453
473,453
493,453
439,454
453,454
454,454
455,454
456,454
474,454
494,454
440,455
453,455
454,455
455,455
456,455
457,455
475,455
495,455
441,456
454,456
455,456
456,456
457,456
458,456
476,456
496,456
419,457
442,457
455,457
456,457
457,457
458,457
459,457
477,457
497,457
420,458
443,458
456,458
457,458
458,458
459,458
460,458
478,458
498,458
457,459
458,459
459,459
460,459
461,459
479,459
499,459
458,460
459,460
460,460
461,460
480,460
500,460
459,461
460,461
461,461
481,461
501,461
462,462
486,462
506,462
421,463
444,463
463,463
464,463
465,463
422,464
445,464
463,464
464,464
465,464
466,464
487,464
507,464
423,465
446,465
463,465
464,465
465,465
466,465
467,465
488,465
508,465
424,466
447,466
464,466
465,466
466,466
467,466
489,466
509,466
425,467
448,467
465,467
466,467
467,467
468,467
427,468
450,468
467,468
468,468
469,468
428,469
451,469
468,469
469,469
433,470
452,470
470,470
490,470
510,470
436,471
471,471
472,471
473,471
491,471
511,471
437,472
471,472
472,472
473,472
474,472
492,472
512,472
438,473
453,473
471,473
472,473
473,473
474,473
475,473
493,473
513,473
439,474
454,474
472,474
473,474
474,474
475,474
476,474
494,474
440,475
455,475
473,475
474,475
475,475
476,475
477,475
495,475
441,476
456,476
474,476
475,476
476,476
477,476
478,476
496,476
442,477
457,477
475,477
476,477
477,477
478,477
479,477
497,477
443,478
458,478
476,478
477,478
478,478
479,478
480,478
498,478
459,479
477,479
478,479
479,479
480,479
481,479
499,479
460,480
478,480
479,480
480,480
481,480
482,480
500,480
461,481
479,481
480,481
481,481
482,481
483,481
501,481
480,482
481,482
482,482
483,482
484,482
502,482
481,483
482,483
483,483
484,483
485,483
503,483
482,484
483,484
484,484
485,484
486,484
504,484
514,484
483,485
484,485
485,485
486,485
505,485
515,485
462,486
484,486
485,486
486,486
506,486
516,486
445,487
464,487
487,487
488,487
489,487
507,487
517,487
446,488
465,488
487,488
488,488
489,488
508,488
518,488
447,489
466,489
487,489
488,489
489,489
509,489
519,489
452,490
470,490
490,490
510,490
521,490
471,491
491,491
492,491
493,491
511,491
522,491
472,492
491,492
492,492
493,492
494,492
512,492
523,492
453,493
473,493
491,493
492,493
493,493
494,493
495,493
513,493
524,493
454,494
474,494
492,494
493,494
494,494
495,494
496,494
455,495
475,495
493,495
494,495
495,495
496,495
497,495
456,496
476,496
494,496
495,496
496,496
497,496
498,496
457,497
477,497
495,497
496,497
497,497
498,497
499,497
458,498
478,498
496,498
497,498
498,498
499,498
500,498
459,499
479,499
497,499
498,499
499,499
500,499
501,499
460,500
480,500
498,500
499,500
500,500
501,500
502,500
461,501
481,501
499,501
500,501
501,501
502,501
503,501
482,502
500,502
501,502
502,502
503,502
504,502
483,503
501,503
502,503
503,503
504,503
505,503
484,504
502,504
503,504
504,504
505,504
506,504
514,504
525,504
485,505
503,505
504,505
505,505
506,505
515,505
526,505
462,506
486,506
504,506
505,506
506,506
516,506
527,506
464,507
487,507
507,507
508,507
509,507
517,507
541,507
465,508
488,508
507,508
508,508
509,508
518,508
542,508
466,509
489,509
507,509
508,509
509,509
519,509
543,509
470,510
490,510
510,510
521,510
545,510
471,511
491,511
511,511
512,511
513,511
522,511
546,511
472,512
492,512
511,512
512,512
513,512
523,512
547,512
473,513
493,513
511,513
512,513
513,513
524,513
548,513
484,514
504,514
514,514
515,514
516,514
525,514
549,514
485,515
505,515
514,515
515,515
516,515
526,515
550,515
486,516
506,516
514,516
515,516
516,516
527,516
551,516
487,517
507,517
517,517
518,517
519,517
541,517
559,517
488,518
508,518
517,518
518,518
519,518
520,518
542,518
560,518
489,519
509,519
517,519
518,519
519,519
520,519
543,519
561,519
518,520
519,520
520,520
544,520
562,520
490,521
510,521
521,521
545,521
563,521
491,522
511,522
522,522
523,522
524,522
546,522
564,522
492,523
512,523
522,523
523,523
524,523
547,523
565,523
493,524
513,524
522,524
523,524
524,524
548,524
566,524
504,525
514,525
525,525
526,525
527,525
549,525
574,525
505,526
515,526
525,526
526,526
527,526
550,526
575,526
506,527
516,527
525,527
526,527
527,527
551,527
576,527
528,528
529,528
530,528
552,528
581,528
528,529
529,529
530,529
531,529
582,529
528,530
529,530
530,530
531,530
532,530
553,530
529,531
530,531
531,531
532,531
533,531
554,531
583,531
530,532
531,532
532,532
533,532
534,532
531,533
532,533
533,533
534,533
535,533
532,534
533,534
534,534
535,534
536,534
533,535
534,535
535,535
536,535
537,535
584,535
534,536
535,536
536,536
537,536
538,536
555,536
585,536
535,537
536,537
537,537
538,537
539,537
586,537
536,538
537,538
538,538
539,538
540,538
556,538
587,538
537,539
538,539
539,539
540,539
541,539
557,539
588,539
538,540
539,540
540,540
541,540
542,540
558,540
589,540
507,541
517,541
539,541
540,541
541,541
542,541
543,541
559,541
590,541
508,542
518,542
540,542
541,542
542,542
543,542
544,542
560,542
591,542
509,543
519,543
541,543
542,543
543,543
544,543
561,543
592,543
520,544
542,544
543,544
544,544
562,544
593,544
510,545
521,545
545,545
563,545
594,545
511,546
522,546
546,546
547,546
548,546
564,546
597,546
512,547
523,547
546,547
547,547
548,547
565,547
598,547
513,548
524,548
546,548
547,548
548,548
566,548
599,548
514,549
525,549
549,549
550,549
551,549
574,549
605,549
515,550
526,550
549,550
550,550
551,550
575,550
606,550
516,551
527,551
549,551
550,551
551,551
576,551
607,551
528,552
552,552
553,552
581,552
608,552
530,553
552,553
553,553
554,553
610,553
531,554
553,554
554,554
583,554
611,554
536,555
555,555
556,555
585,555
613,555
538,556
555,556
556,556
557,556
558,556
587,556
615,556
539,557
556,557
557,557
558,557
559,557
588,557
540,558
556,558
557,558
558,558
559,558
560,558
589,558
616,558
517,559
541,559
557,559
558,559
559,559
560,559
561,559
590,559
617,559
518,560
542,560
558,560
559,560
560,560
561,560
562,560
591,560
618,560
519,561
543,561
559,561
560,561
561,561
562,561
592,561
619,561
520,562
544,562
560,562
561,562
562,562
593,562
521,563
545,563
563,563
594,563
522,564
546,564
564,564
565,564
566,564
597,564
622,564
523,565
547,565
564,565
565,565
566,565
567,565
598,565
623,565
524,566
548,566
564,566
565,566
566,566
567,566
568,566
599,566
624,566
565,567
566,567
567,567
568,567
569,567
625,567
566,568
567,568
568,568
569,568
570,568
600,568
626,568
567,569
568,569
569,569
570,569
571,569
601,569
627,569
568,570
569,570
570,570
571,570
572,570
602,570
628,570
569,571
570,571
571,571
572,571
573,571
603,571
629,571
570,572
571,572
572,572
573,572
604,572
630,572
571,573
572,573
573,573
631,573
525,574
549,574
574,574
575,574
576,574
605,574
632,574
526,575
550,575
574,575
575,575
576,575
577,575
606,575
633,575
527,576
551,576
574,576
575,576
576,576
577,576
578,576
607,576
634,576
575,577
576,577
577,577
578,577
579,577
576,578
577,578
578,578
579,578
580,578
577,579
578,579
579,579
580,579
581,579
578,580
579,580
580,580
581,580
582,580
528,581
552,581
579,581
580,581
581,581
582,581
608,581
635,581
529,582
580,582
581,582
582,582
583,582
609,582
531,583
554,583
582,583
583,583
611,583
637,583
535,584
584,584
585,584
586,584
612,584
536,585
555,585
584,585
585,585
586,585
587,585
613,585
638,585
537,586
584,586
585,586
586,586
587,586
588,586
614,586
639,586
538,587
556,587
585,587
586,587
587,587
588,587
589,587
615,587
640,587
539,588
557,588
586,588
587,588
588,588
589,588
590,588
641,588
540,589
558,589
587,589
588,589
589,589
590,589
591,589
616,589
642,589
541,590
559,590
588,590
589,590
590,590
591,590
592,590
617,590
643,590
542,591
560,591
589,591
590,591
591,591
592,591
593,591
618,591
644,591
543,592
561,592
590,592
591,592
592,592
593,592
619,592
645,592
544,593
562,593
591,593
592,593
593,593
646,593
545,594
563,594
594,594
595,594
596,594
649,594
594,595
595,595
596,595
597,595
620,595
650,595
594,596
595,596
596,596
597,596
598,596
621,596
651,596
546,597
564,597
595,597
596,597
597,597
598,597
599,597
622,597
652,597
547,598
565,598
596,598
597,598
598,598
599,598
623,598
653,598
548,599
566,599
597,599
598,599
599,599
600,599
624,599
654,599
568,600
599,600
600,600
601,600
602,600
626,600
656,600
569,601
600,601
601,601
602,601
603,601
627,601
657,601
570,602
600,602
601,602
602,602
603,602
604,602
628,602
658,602
571,603
601,603
602,603
603,603
604,603
629,603
659,603
572,604
602,604
603,604
604,604
630,604
660,604
549,605
574,605
605,605
606,605
607,605
632,605
662,605
550,606
575,606
605,606
606,606
607,606
633,606
663,606
551,607
576,607
605,607
606,607
607,607
634,607
664,607
552,608
581,608
608,608
609,608
610,608
635,608
665,608
582,609
608,609
609,609
610,609
611,609
666,609
553,610
608,610
609,610
610,610
611,610
636,610
667,610
554,611
583,611
609,611
610,611
611,611
637,611
668,611
584,612
612,612
613,612
614,612
555,613
585,613
612,613
613,613
614,613
615,613
638,613
586,614
612,614
613,614
614,614
615,614
639,614
556,615
587,615
613,615
614,615
615,615
616,615
640,615
558,616
589,616
615,616
616,616
617,616
618,616
642,616
559,617
590,617
616,617
617,617
618,617
619,617
643,617
560,618
591,618
616,618
617,618
618,618
619,618
644,618
561,619
592,619
617,619
618,619
619,619
645,619
595,620
620,620
621,620
622,620
650,620
672,620
596,621
620,621
621,621
622,621
623,621
651,621
673,621
564,622
597,622
620,622
621,622
622,622
623,622
624,622
652,622
674,622
565,623
598,623
621,623
622,623
623,623
624,623
625,623
653,623
675,623
566,624
599,624
622,624
623,624
624,624
625,624
626,624
654,624
676,624
567,625
623,625
624,625
625,625
626,625
627,625
655,625
677,625
568,626
600,626
624,626
625,626
626,626
627,626
628,626
656,626
678,626
569,627
601,627
625,627
626,627
627,627
628,627
629,627
657,627
679,627
570,628
602,628
626,628
627,628
628,628
629,628
630,628
658,628
680,628
571,629
603,629
627,629
628,629
629,629
630,629
631,629
659,629
681,629
572,630
604,630
628,630
629,630
630,630
631,630
660,630
682,630
573,631
629,631
630,631
631,631
661,631
683,631
574,632
605,632
632,632
633,632
634,632
662,632
684,632
575,633
606,633
632,633
633,633
634,633
663,633
685,633
576,634
607,634
632,634
633,634
634,634
664,634
686,634
581,635
608,635
635,635
636,635
665,635
687,635
610,636
635,636
636,636
637,636
667,636
688,636
583,637
611,637
636,637
637,637
668,637
689,637
40,638
585,638
613,638
638,638
639,638
640,638
41,639
586,639
614,639
638,639
639,639
640,639
641,639
41,640
587,640
615,640
638,640
639,640
640,640
641,640
642,640
42,641
588,641
639,641
640,641
641,641
642,641
643,641
42,642
589,642
616,642
640,642
641,642
642,642
643,642
644,642
43,643
590,643
617,643
641,643
642,643
643,643
644,643
645,643
43,644
591,644
618,644
642,644
643,644
644,644
645,644
646,644
592,645
619,645
643,645
644,645
645,645
646,645
593,646
644,646
645,646
646,646
647,647
648,647
649,647
669,647
690,647
647,648
648,648
649,648
650,648
670,648
691,648
594,649
647,649
648,649
649,649
650,649
651,649
671,649
692,649
595,650
620,650
648,650
649,650
650,650
651,650
652,650
672,650
693,650
596,651
621,651
649,651
650,651
651,651
652,651
653,651
673,651
694,651
597,652
622,652
650,652
651,652
652,652
653,652
654,652
674,652
695,652
598,653
623,653
651,653
652,653
653,653
654,653
655,653
675,653
696,653
599,654
624,654
652,654
653,654
654,654
655,654
656,654
676,654
697,654
625,655
653,655
654,655
655,655
656,655
657,655
677,655
698,655
600,656
626,656
654,656
655,656
656,656
657,656
658,656
678,656
699,656
601,657
627,657
655,657
656,657
657,657
658,657
659,657
679,657
700,657
602,658
628,658
656,658
657,658
658,658
659,658
660,658
680,658
701,658
603,659
629,659
657,659
658,659
659,659
660,659
661,659
681,659
702,659
604,660
630,660
658,660
659,660
660,660
661,660
682,660
703,660
631,661
659,661
660,661
661,661
683,661
704,661
605,662
632,662
662,662
663,662
664,662
684,662
708,662
606,663
633,663
662,663
663,663
664,663
685,663
709,663
607,664
634,664
662,664
663,664
664,664
686,664
710,664
608,665
635,665
665,665
666,665
667,665
687,665
711,665
609,666
665,666
666,666
667,666
668,666
610,667
636,667
665,667
666,667
667,667
668,667
688,667
712,667
611,668
637,668
666,668
667,668
668,668
689,668
713,668
647,669
669,669
670,669
671,669
690,669
715,669
648,670
669,670
670,670
671,670
672,670
691,670
716,670
649,671
669,671
670,671
671,671
672,671
673,671
692,671
717,671
620,672
650,672
670,672
671,672
672,672
673,672
674,672
693,672
718,672
621,673
651,673
671,673
672,673
673,673
674,673
675,673
694,673
719,673
622,674
652,674
672,674
673,674
674,674
675,674
676,674
695,674
720,674
623,675
653,675
673,675
674,675
675,675
676,675
677,675
696,675
721,675
624,676
654,676
674,676
675,676
676,676
677,676
678,676
697,676
722,676
625,677
655,677
675,677
676,677
677,677
678,677
679,677
698,677
723,677
626,678
656,678
676,678
677,678
678,678
679,678
680,678
699,678
724,678
627,679
657,679
677,679
678,679
679,679
680,679
681,679
700,679
725,679
628,680
658,680
678,680
679,680
680,680
681,680
682,680
701,680
726,680
629,681
659,681
679,681
680,681
681,681
682,681
683,681
702,681
727,681
630,682
660,682
680,682
681,682
682,682
683,682
703,682
728,682
631,683
661,683
681,683
682,683
683,683
704,683
729,683
632,684
662,684
684,684
685,684
686,684
708,684
733,684
633,685
663,685
684,685
685,685
686,685
709,685
734,685
634,686
664,686
684,686
685,686
686,686
710,686
735,686
635,687
665,687
687,687
688,687
711,687
738,687
636,688
667,688
687,688
688,688
689,688
712,688
740,688
637,689
668,689
688,689
689,689
713,689
741,689
647,690
669,690
690,690
691,690
692,690
715,690
743,690
648,691
670,691
690,691
691,691
692,691
693,691
716,691
744,691
649,692
671,692
690,692
691,692
692,692
693,692
694,692
717,692
745,692
650,693
672,693
691,693
692,693
693,693
694,693
695,693
718,693
746,693
651,694
673,694
692,694
693,694
694,694
695,694
696,694
719,694
747,694
652,695
674,695
693,695
694,695
695,695
696,695
697,695
720,695
748,695
653,696
675,696
694,696
695,696
696,696
697,696
698,696
721,696
749,696
654,697
676,697
695,697
696,697
697,697
698,697
699,697
722,697
750,697
655,698
677,698
696,698
697,698
698,698
699,698
700,698
723,698
751,698
656,699
678,699
697,699
698,699
699,699
700,699
701,699
724,699
752,699
657,700
679,700
698,700
699,700
700,700
701,700
702,700
725,700
753,700
658,701
680,701
699,701
700,701
701,701
702,701
703,701
726,701
754,701
659,702
681,702
700,702
701,702
702,702
703,702
704,702
727,702
755,702
660,703
682,703
701,703
702,703
703,703
704,703
705,703
728,703
756,703
661,704
683,704
702,704
703,704
704,704
705,704
706,704
729,704
757,704
703,705
704,705
705,705
706,705
707,705
730,705
758,705
704,706
705,706
706,706
707,706
708,706
731,706
759,706
705,707
706,707
707,707
708,707
709,707
732,707
760,707
662,708
684,708
706,708
707,708
708,708
709,708
710,708
733,708
761,708
663,709
685,709
707,709
708,709
709,709
710,709
734,709
762,709
664,710
686,710
708,710
709,710
710,710
735,710
763,710
665,711
687,711
711,711
712,711
738,711
766,711
667,712
688,712
711,712
712,712
713,712
714,712
740,712
768,712
668,713
689,713
712,713
713,713
714,713
741,713
769,713
44,714
712,714
713,714
714,714
742,714
770,714
669,715
690,715
715,715
716,715
717,715
743,715
771,715
670,716
691,716
715,716
716,716
717,716
718,716
744,716
772,716
671,717
692,717
715,717
716,717
717,717
718,717
719,717
745,717
773,717
672,718
693,718
716,718
717,718
718,718
719,718
720,718
746,718
774,718
673,719
694,719
717,719
718,719
719,719
720,719
721,719
747,719
775,719
674,720
695,720
718,720
719,720
720,720
721,720
722,720
748,720
776,720
675,721
696,721
719,721
720,721
721,721
722,721
723,721
749,721
777,721
676,722
697,722
720,722
721,722
722,722
723,722
724,722
750,722
778,722
677,723
698,723
721,723
722,723
723,723
724,723
725,723
751,723
779,723
678,724
699,724
722,724
723,724
724,724
725,724
726,724
752,724
780,724
679,725
700,725
723,725
724,725
725,725
726,725
727,725
753,725
781,725
680,726
701,726
724,726
725,726
726,726
727,726
728,726
754,726
782,726
681,727
702,727
725,727
726,727
727,727
728,727
729,727
755,727
783,727
682,728
703,728
726,728
727,728
728,728
729,728
730,728
756,728
683,729
704,729
727,729
728,729
729,729
730,729
731,729
757,729
705,730
728,730
729,730
730,730
731,730
732,730
758,730
706,731
729,731
730,731
731,731
732,731
733,731
759,731
707,732
730,732
731,732
732,732
733,732
734,732
760,732
784,732
684,733
708,733
731,733
732,733
733,733
734,733
735,733
761,733
685,734
709,734
732,734
733,734
734,734
735,734
762,734
785,734
686,735
710,735
733,735
734,735
735,735
763,735
786,735
736,736
737,736
738,736
764,736
788,736
736,737
737,737
738,737
739,737
765,737
789,737
687,738
711,738
736,738
737,738
738,738
739,738
740,738
766,738
737,739
738,739
739,739
740,739
741,739
767,739
688,740
712,740
738,740
739,740
740,740
741,740
742,740
768,740
689,741
713,741
739,741
740,741
741,741
742,741
769,741
790,741
44,742
714,742
740,742
741,742
742,742
770,742
791,742
690,743
715,743
743,743
744,743
745,743
771,743
792,743
691,744
716,744
743,744
744,744
745,744
746,744
772,744
793,744
692,745
717,745
743,745
744,745
745,745
746,745
747,745
773,745
794,745
693,746
718,746
744,746
745,746
746,746
747,746
748,746
774,746
795,746
694,747
719,747
745,747
746,747
747,747
748,747
749,747
775,747
796,747
695,748
720,748
746,748
747,748
748,748
749,748
750,748
776,748
797,748
696,749
721,749
747,749
748,749
749,749
750,749
751,749
777,749
798,749
697,750
722,750
748,750
749,750
750,750
751,750
752,750
778,750
799,750
698,751
723,751
749,751
750,751
751,751
752,751
753,751
779,751
800,751
699,752
724,752
750,752
751,752
752,752
753,752
754,752
780,752
801,752
700,753
725,753
751,753
752,753
753,753
754,753
755,753
781,753
802,753
701,754
726,754
752,754
753,754
754,754
755,754
756,754
782,754
803,754
702,755
727,755
753,755
754,755
755,755
756,755
757,755
783,755
804,755
703,756
728,756
754,756
755,756
756,756
757,756
758,756
704,757
729,757
755,757
756,757
757,757
758,757
759,757
705,758
730,758
756,758
757,758
758,758
759,758
760,758
706,759
731,759
757,759
758,759
759,759
760,759
761,759
707,760
732,760
758,760
759,760
760,760
761,760
762,760
784,760
708,761
733,761
759,761
760,761
761,761
762,761
763,761
709,762
734,762
760,762
761,762
762,762
763,762
785,762
805,762
710,763
735,763
761,763
762,763
763,763
786,763
806,763
736,764
764,764
765,764
766,764
788,764
809,764
737,765
764,765
765,765
766,765
767,765
789,765
810,765
711,766
738,766
764,766
765,766
766,766
767,766
768,766
739,767
765,767
766,767
767,767
768,767
769,767
712,768
740,768
766,768
767,768
768,768
769,768
770,768
713,769
741,769
767,769
768,769
769,769
770,769
790,769
44,770
48,770
714,770
742,770
768,770
769,770
770,770
791,770
715,771
743,771
771,771
772,771
773,771
792,771
716,772
744,772
771,772
772,772
773,772
774,772
793,772
717,773
745,773
771,773
772,773
773,773
774,773
775,773
794,773
718,774
746,774
772,774
773,774
774,774
775,774
776,774
795,774
719,775
747,775
773,775
774,775
775,775
776,775
777,775
796,775
720,776
748,776
774,776
775,776
776,776
777,776
778,776
797,776
721,777
749,777
775,777
776,777
777,777
778,777
779,777
798,777
722,778
750,778
776,778
777,778
778,778
779,778
780,778
799,778
723,779
751,779
777,779
778,779
779,779
780,779
781,779
800,779
724,780
752,780
778,780
779,780
780,780
781,780
782,780
801,780
725,781
753,781
779,781
780,781
781,781
782,781
783,781
802,781
726,782
754,782
780,782
781,782
782,782
783,782
803,782
727,783
755,783
781,783
782,783
783,783
804,783
732,784
760,784
784,784
785,784
734,785
762,785
784,785
785,785
786,785
787,785
805,785
811,785
735,786
763,786
785,786
786,786
787,786
806,786
812,786
785,787
786,787
787,787
788,787
807,787
736,788
764,788
787,788
788,788
789,788
809,788
737,789
765,789
788,789
789,789
810,789
741,790
769,790
790,790
791,790
48,791
742,791
770,791
790,791
791,791
743,792
771,792
792,792
793,792
794,792
744,793
772,793
792,793
793,793
794,793
795,793
745,794
773,794
792,794
793,794
794,794
795,794
796,794
746,795
774,795
793,795
794,795
795,795
796,795
797,795
747,796
775,796
794,796
795,796
796,796
797,796
798,796
748,797
776,797
795,797
796,797
797,797
798,797
799,797
749,798
777,798
796,798
797,798
798,798
799,798
800,798
750,799
778,799
797,799
798,799
799,799
800,799
801,799
751,800
779,800
798,800
799,800
800,800
801,800
802,800
752,801
780,801
799,801
800,801
801,801
802,801
803,801
753,802
781,802
800,802
801,802
802,802
803,802
804,802
754,803
782,803
801,803
802,803
803,803
804,803
755,804
783,804
802,804
803,804
804,804
762,805
785,805
805,805
806,805
807,805
811,805
763,806
786,806
805,806
806,806
807,806
808,806
812,806
787,807
805,807
806,807
807,807
808,807
809,807
806,808
807,808
808,808
809,808
810,808
764,809
788,809
807,809
808,809
809,809
810,809
765,810
789,810
808,810
809,810
810,810
785,811
805,811
811,811
812,811
786,812
806,812
811,812
812,812
10,11
19,22
22,24
24,26
26,1000
27,1000
29,1000
28,30
30,32
