gX,gY,idx
-1655.1724137931035,206.8965517241379,0
-1655.1724137931035,379.3103448275863,1
-1655.1724137931035,551.7241379310346,2
-1655.1724137931035,724.1379310344828,3
-1482.7586206896551,34.482758620689765,4
-1482.7586206896551,206.8965517241379,5
-1482.7586206896551,379.3103448275863,6
-1482.7586206896551,551.7241379310346,7
-1482.7586206896551,724.1379310344828,8
-1250.0,206.896552,9
-1250.0,379.310345,10
-1250.931034,525.423729,11
-965.5172413793102,-310.34482758620686,12
-965.5172413793102,-137.9310344827586,13
-793.1034482758621,-482.7586206896551,14
-793.1034482758621,-310.34482758620686,15
-793.1034482758621,-137.9310344827586,16
-620.6896551724137,-137.9310344827586,17
-448.27586206896535,-137.9310344827586,18
-275.8620689655172,-482.7586206896551,19
-275.8620689655172,-310.34482758620686,20
-275.8620689655172,-137.9310344827586,21
-80.0,-482.7586206896551,22
-103.44827586206884,-137.9310344827586,23
120.0,-482.7586206896551,24
68.96551724137953,-137.9310344827586,25
320.0,-482.7586206896551,26
241.3793103448279,-137.9310344827586,27
320.0,-655.1724137931035,28
413.7931034482758,-137.9310344827586,29
540.0,-655.1724137931035,30
586.2068965517242,-137.9310344827586,31
758.6206896551726,-655.1724137931035,32
758.6206896551726,-482.7586206896551,33
758.6206896551726,-310.34482758620686,34
758.6206896551726,-137.9310344827586,35
931.0344827586208,-655.1724137931035,36
931.0344827586208,-482.7586206896551,37
931.0344827586208,-310.34482758620686,38
931.0344827586208,-137.9310344827586,39
2137.931034482759,2275.862068965517,40
2137.931034482759,2448.2758620689656,41
2137.931034482759,2620.689655172414,42
2137.931034482759,2793.1034482758623,43
2310.3448275862074,2103.4482758620693,44
2310.3448275862074,2275.862068965517,45
2310.3448275862074,2448.2758620689656,46
2310.3448275862074,2620.689655172414,47
2482.758620689656,2103.4482758620693,48
2482.758620689656,2275.862068965517,49
-1661.0169491525423,-67.7966101694916,50
-1491.5254237288136,-152.54237288135596,51
-1491.5254237288136,-67.7966101694916,52
-1406.7796610169491,-152.54237288135596,53
-1322.033898305085,-152.54237288135596,54
-1237.2881355932204,-406.7796610169492,55
-1237.2881355932204,-322.0338983050848,56
-1237.2881355932204,-237.28813559322043,57
-1152.542372881356,-322.0338983050848,58
-1067.7966101694915,-406.7796610169492,59
-1067.7966101694915,-322.0338983050848,60
-983.0508474576272,16.949152542372758,61
-983.0508474576272,101.69491525423724,62
-1070.0,525.423729,63
-898.3050847457628,525.4237288135591,64
-813.5593220338983,16.949152542372758,65
-813.5593220338983,271.18644067796595,66
-813.5593220338983,355.9322033898304,67
-813.5593220338983,440.6779661016949,68
-813.5593220338983,525.4237288135591,69
-813.5593220338983,610.1694915254236,70
-813.5593220338983,779.6610169491523,71
-728.813559322034,16.949152542372758,72
-728.813559322034,101.69491525423724,73
-728.813559322034,186.4406779661017,74
-728.813559322034,271.18644067796595,75
-728.813559322034,355.9322033898304,76
-728.813559322034,440.6779661016949,77
-728.813559322034,525.4237288135591,78
-728.813559322034,610.1694915254236,79
-728.813559322034,694.9152542372881,80
-728.813559322034,779.6610169491523,81
-644.0677966101696,16.949152542372758,82
-644.0677966101696,440.6779661016949,83
-644.0677966101696,525.4237288135591,84
-644.0677966101696,610.1694915254236,85
-644.0677966101696,694.9152542372881,86
-644.0677966101696,779.6610169491523,87
-559.3220338983051,16.949152542372758,88
-559.3220338983051,101.69491525423724,89
-559.3220338983051,186.4406779661017,90
-559.3220338983051,271.18644067796595,91
-559.3220338983051,355.9322033898304,92
-559.3220338983051,440.6779661016949,93
-559.3220338983051,525.4237288135591,94
-559.3220338983051,610.1694915254236,95
-559.3220338983051,694.9152542372881,96
-559.3220338983051,779.6610169491523,97
-559.3220338983051,864.4067796610168,98
-474.57627118644086,101.69491525423724,99
-474.57627118644086,186.4406779661017,100
-474.57627118644086,440.6779661016949,101
-474.57627118644086,525.4237288135591,102
-474.57627118644086,610.1694915254236,103
-474.57627118644086,694.9152542372881,104
-474.57627118644086,779.6610169491523,105
-474.57627118644086,864.4067796610168,106
-389.8305084745764,16.949152542372758,107
-389.8305084745764,101.69491525423724,108
-389.8305084745764,186.4406779661017,109
-389.8305084745764,271.18644067796595,110
-389.8305084745764,355.9322033898304,111
-389.8305084745764,779.6610169491523,112
-389.8305084745764,864.4067796610168,113
-305.0847457627119,186.4406779661017,114
-305.0847457627119,271.18644067796595,115
-305.0847457627119,355.9322033898304,116
-305.0847457627119,779.6610169491523,117
-305.0847457627119,864.4067796610168,118
-220.33898305084767,16.949152542372758,119
-220.33898305084767,101.69491525423724,120
-220.33898305084767,186.4406779661017,121
-220.33898305084767,271.18644067796595,122
-220.33898305084767,355.9322033898304,123
-220.33898305084767,779.6610169491523,124
-220.33898305084767,864.4067796610168,125
-135.5932203389832,16.949152542372758,126
-135.5932203389832,271.18644067796595,127
-135.5932203389832,355.9322033898304,128
-135.5932203389832,779.6610169491523,129
-135.5932203389832,864.4067796610168,130
-50.84745762711873,16.949152542372758,131
-50.84745762711873,101.69491525423724,132
-50.84745762711873,186.4406779661017,133
-50.84745762711873,271.18644067796595,134
-50.84745762711873,779.6610169491523,135
-50.84745762711873,864.4067796610168,136
-50.84745762711873,1372.8813559322034,137
33.89830508474552,16.949152542372758,138
33.89830508474552,101.69491525423724,139
33.89830508474552,271.18644067796595,140
33.89830508474552,525.4237288135591,141
33.89830508474552,610.1694915254236,142
33.89830508474552,694.9152542372881,143
33.89830508474552,779.6610169491523,144
33.89830508474552,864.4067796610168,145
33.89830508474552,1372.8813559322034,146
33.89830508474552,1457.6271186440677,147
33.89830508474552,2474.5762711864404,148
33.89830508474552,2559.3220338983047,149
33.89830508474552,2644.0677966101694,150
33.89830508474552,2728.8135593220336,151
33.89830508474552,2813.559322033898,152
33.89830508474552,2898.3050847457625,153
33.89830508474552,2983.050847457627,154
33.89830508474552,3067.796610169491,155
33.89830508474552,3152.542372881356,156
33.89830508474552,3237.2881355932204,157
118.64406779661022,101.69491525423724,158
118.64406779661022,440.6779661016949,159
118.64406779661022,525.4237288135591,160
118.64406779661022,610.1694915254236,161
118.64406779661022,694.9152542372881,162
118.64406779661022,779.6610169491523,163
118.64406779661022,864.4067796610168,164
118.64406779661022,949.1525423728812,165
118.64406779661022,1033.8983050847455,166
118.64406779661022,1118.6440677966102,167
118.64406779661022,1203.3898305084745,168
118.64406779661022,1288.1355932203387,169
118.64406779661022,1372.8813559322034,170
118.64406779661022,1457.6271186440677,171
118.64406779661022,1542.372881355932,172
118.64406779661022,1627.1186440677966,173
118.64406779661022,2474.5762711864404,174
118.64406779661022,2559.3220338983047,175
118.64406779661022,2728.8135593220336,176
118.64406779661022,2813.559322033898,177
118.64406779661022,2898.3050847457625,178
118.64406779661022,2983.050847457627,179
118.64406779661022,3067.796610169491,180
118.64406779661022,3152.542372881356,181
203.3898305084745,16.949152542372758,182
203.3898305084745,101.69491525423724,183
203.3898305084745,440.6779661016949,184
203.3898305084745,525.4237288135591,185
203.3898305084745,610.1694915254236,186
203.3898305084745,694.9152542372881,187
203.3898305084745,1203.3898305084745,188
203.3898305084745,1288.1355932203387,189
203.3898305084745,1372.8813559322034,190
203.3898305084745,1457.6271186440677,191
203.3898305084745,1542.372881355932,192
203.3898305084745,1627.1186440677966,193
203.3898305084745,1711.8644067796608,194
203.3898305084745,1796.610169491525,195
203.3898305084745,2474.5762711864404,196
203.3898305084745,2559.3220338983047,197
203.3898305084745,2644.0677966101694,198
203.3898305084745,2728.8135593220336,199
203.3898305084745,2813.559322033898,200
203.3898305084745,2898.3050847457625,201
203.3898305084745,2983.050847457627,202
203.3898305084745,3067.796610169491,203
203.3898305084745,3152.542372881356,204
288.1355932203387,16.949152542372758,205
288.1355932203387,101.69491525423724,206
288.1355932203387,186.4406779661017,207
288.1355932203387,271.18644067796595,208
288.1355932203387,355.9322033898304,209
288.1355932203387,440.6779661016949,210
288.1355932203387,525.4237288135591,211
288.1355932203387,610.1694915254236,212
288.1355932203387,694.9152542372881,213
288.1355932203387,1203.3898305084745,214
288.1355932203387,1288.1355932203387,215
288.1355932203387,1372.8813559322034,216
288.1355932203387,1542.372881355932,217
288.1355932203387,1627.1186440677966,218
288.1355932203387,1711.8644067796608,219
288.1355932203387,1796.610169491525,220
288.1355932203387,1881.3559322033896,221
288.1355932203387,1966.101694915254,222
288.1355932203387,2474.5762711864404,223
288.1355932203387,2559.3220338983047,224
288.1355932203387,2644.0677966101694,225
288.1355932203387,2728.8135593220336,226
288.1355932203387,2813.559322033898,227
288.1355932203387,2898.3050847457625,228
288.1355932203387,2983.050847457627,229
288.1355932203387,3067.796610169491,230
288.1355932203387,3152.542372881356,231
372.8813559322034,16.949152542372758,232
372.8813559322034,525.4237288135591,233
372.8813559322034,610.1694915254236,234
372.8813559322034,694.9152542372881,235
372.8813559322034,1711.8644067796608,236
372.8813559322034,1796.610169491525,237
372.8813559322034,1881.3559322033896,238
372.8813559322034,1966.101694915254,239
372.8813559322034,2050.8474576271183,240
372.8813559322034,2135.593220338983,241
372.8813559322034,2474.5762711864404,242
372.8813559322034,2559.3220338983047,243
372.8813559322034,2644.0677966101694,244
372.8813559322034,2728.8135593220336,245
372.8813559322034,2898.3050847457625,246
372.8813559322034,2983.050847457627,247
372.8813559322034,3067.796610169491,248
372.8813559322034,3152.542372881356,249
457.6271186440677,16.949152542372758,250
457.6271186440677,525.4237288135591,251
457.6271186440677,610.1694915254236,252
457.6271186440677,1881.3559322033896,253
457.6271186440677,1966.101694915254,254
457.6271186440677,2050.8474576271183,255
457.6271186440677,2135.593220338983,256
457.6271186440677,2474.5762711864404,257
457.6271186440677,2559.3220338983047,258
457.6271186440677,2644.0677966101694,259
457.6271186440677,2728.8135593220336,260
457.6271186440677,2813.559322033898,261
457.6271186440677,2898.3050847457625,262
457.6271186440677,2983.050847457627,263
457.6271186440677,3067.796610169491,264
457.6271186440677,3152.542372881356,265
457.6271186440677,3237.2881355932204,266
457.6271186440677,3322.033898305084,267
457.6271186440677,3406.779661016949,268
457.6271186440677,3491.5254237288136,269
457.6271186440677,3576.2711864406774,270
542.3728813559319,16.949152542372758,271
542.3728813559319,525.4237288135591,272
542.3728813559319,610.1694915254236,273
542.3728813559319,694.9152542372881,274
542.3728813559319,1881.3559322033896,275
542.3728813559319,1966.101694915254,276
542.3728813559319,2050.8474576271183,277
542.3728813559319,2135.593220338983,278
542.3728813559319,2474.5762711864404,279
542.3728813559319,2559.3220338983047,280
542.3728813559319,2644.0677966101694,281
542.3728813559319,2728.8135593220336,282
542.3728813559319,2813.559322033898,283
542.3728813559319,2898.3050847457625,284
542.3728813559319,2983.050847457627,285
542.3728813559319,3067.796610169491,286
542.3728813559319,3152.542372881356,287
542.3728813559319,3237.2881355932204,288
542.3728813559319,3322.033898305084,289
542.3728813559319,3406.779661016949,290
542.3728813559319,3491.5254237288136,291
542.3728813559319,3576.2711864406774,292
627.1186440677966,16.949152542372758,293
627.1186440677966,525.4237288135591,294
627.1186440677966,610.1694915254236,295
627.1186440677966,694.9152542372881,296
627.1186440677966,1881.3559322033896,297
627.1186440677966,1966.101694915254,298
627.1186440677966,2050.8474576271183,299
627.1186440677966,2135.593220338983,300
627.1186440677966,2474.5762711864404,301
627.1186440677966,2559.3220338983047,302
627.1186440677966,2644.0677966101694,303
627.1186440677966,2728.8135593220336,304
627.1186440677966,2813.559322033898,305
627.1186440677966,2898.3050847457625,306
627.1186440677966,2983.050847457627,307
627.1186440677966,3152.542372881356,308
627.1186440677966,3237.2881355932204,309
627.1186440677966,3406.779661016949,310
627.1186440677966,3491.5254237288136,311
627.1186440677966,3576.2711864406774,312
711.8644067796608,16.949152542372758,313
711.8644067796608,186.4406779661017,314
711.8644067796608,271.18644067796595,315
711.8644067796608,355.9322033898304,316
711.8644067796608,440.6779661016949,317
711.8644067796608,525.4237288135591,318
711.8644067796608,610.1694915254236,319
711.8644067796608,694.9152542372881,320
711.8644067796608,1881.3559322033896,321
711.8644067796608,1966.101694915254,322
711.8644067796608,2050.8474576271183,323
711.8644067796608,2135.593220338983,324
711.8644067796608,2220.338983050847,325
711.8644067796608,2305.0847457627115,326
711.8644067796608,2389.830508474576,327
711.8644067796608,2474.5762711864404,328
711.8644067796608,2559.3220338983047,329
711.8644067796608,2644.0677966101694,330
711.8644067796608,2728.8135593220336,331
711.8644067796608,2813.559322033898,332
711.8644067796608,2898.3050847457625,333
711.8644067796608,2983.050847457627,334
711.8644067796608,3237.2881355932204,335
711.8644067796608,3406.779661016949,336
711.8644067796608,3491.5254237288136,337
711.8644067796608,3576.2711864406774,338
796.6101694915251,16.949152542372758,339
796.6101694915251,101.69491525423724,340
796.6101694915251,186.4406779661017,341
796.6101694915251,271.18644067796595,342
796.6101694915251,355.9322033898304,343
796.6101694915251,440.6779661016949,344
796.6101694915251,525.4237288135591,345
796.6101694915251,610.1694915254236,346
796.6101694915251,694.9152542372881,347
796.6101694915251,1881.3559322033896,348
796.6101694915251,1966.101694915254,349
796.6101694915251,2050.8474576271183,350
796.6101694915251,2135.593220338983,351
796.6101694915251,2220.338983050847,352
796.6101694915251,2305.0847457627115,353
796.6101694915251,2389.830508474576,354
796.6101694915251,2474.5762711864404,355
796.6101694915251,2559.3220338983047,356
796.6101694915251,2644.0677966101694,357
796.6101694915251,2728.8135593220336,358
796.6101694915251,2813.559322033898,359
796.6101694915251,2898.3050847457625,360
796.6101694915251,2983.050847457627,361
796.6101694915251,3152.542372881356,362
796.6101694915251,3406.779661016949,363
796.6101694915251,3491.5254237288136,364
881.3559322033898,16.949152542372758,365
881.3559322033898,101.69491525423724,366
881.3559322033898,186.4406779661017,367
881.3559322033898,271.18644067796595,368
881.3559322033898,355.9322033898304,369
881.3559322033898,440.6779661016949,370
881.3559322033898,525.4237288135591,371
881.3559322033898,610.1694915254236,372
881.3559322033898,1881.3559322033896,373
881.3559322033898,1966.101694915254,374
881.3559322033898,2050.8474576271183,375
881.3559322033898,2135.593220338983,376
881.3559322033898,2220.338983050847,377
881.3559322033898,2305.0847457627115,378
881.3559322033898,2389.830508474576,379
881.3559322033898,2474.5762711864404,380
881.3559322033898,2559.3220338983047,381
881.3559322033898,2644.0677966101694,382
881.3559322033898,2728.8135593220336,383
881.3559322033898,3152.542372881356,384
881.3559322033898,3237.2881355932204,385
881.3559322033898,3322.033898305084,386
881.3559322033898,3406.779661016949,387
966.101694915254,16.949152542372758,388
966.101694915254,440.6779661016949,389
966.101694915254,525.4237288135591,390
966.101694915254,1881.3559322033896,391
966.101694915254,2644.0677966101694,392
966.101694915254,2728.8135593220336,393
966.101694915254,3067.796610169491,394
966.101694915254,3152.542372881356,395
966.101694915254,3237.2881355932204,396
966.101694915254,3322.033898305084,397
966.101694915254,3406.779661016949,398
966.101694915254,3491.5254237288136,399
1050.8474576271185,-661.0169491525423,400
1050.8474576271185,-237.28813559322043,401
1050.8474576271185,-152.54237288135596,402
1050.8474576271185,-67.7966101694916,403
1050.8474576271185,16.949152542372758,404
1050.8474576271185,440.6779661016949,405
1050.8474576271185,525.4237288135591,406
1050.8474576271185,2644.0677966101694,407
1050.8474576271185,2728.8135593220336,408
1050.8474576271185,3152.542372881356,409
1050.8474576271185,3237.2881355932204,410
1050.8474576271185,3322.033898305084,411
1050.8474576271185,3406.779661016949,412
1135.593220338983,-661.0169491525423,413
1135.593220338983,-576.271186440678,414
1135.593220338983,-322.0338983050848,415
1135.593220338983,-152.54237288135596,416
1135.593220338983,-67.7966101694916,417
1135.593220338983,16.949152542372758,418
1135.593220338983,440.6779661016949,419
1135.593220338983,525.4237288135591,420
1135.593220338983,2644.0677966101694,421
1135.593220338983,2728.8135593220336,422
1135.593220338983,2813.559322033898,423
1135.593220338983,2898.3050847457625,424
1135.593220338983,2983.050847457627,425
1135.593220338983,3067.796610169491,426
1135.593220338983,3152.542372881356,427
1135.593220338983,3237.2881355932204,428
1220.3389830508472,-661.0169491525423,429
1220.3389830508472,-576.271186440678,430
1220.3389830508472,-491.5254237288136,431
1220.3389830508472,-406.7796610169492,432
1220.3389830508472,-322.0338983050848,433
1220.3389830508472,-237.28813559322043,434
1220.3389830508472,-152.54237288135596,435
1220.3389830508472,-67.7966101694916,436
1220.3389830508472,16.949152542372758,437
1220.3389830508472,101.69491525423724,438
1220.3389830508472,186.4406779661017,439
1220.3389830508472,271.18644067796595,440
1220.3389830508472,355.9322033898304,441
1220.3389830508472,440.6779661016949,442
1220.3389830508472,525.4237288135591,443
1220.3389830508472,2644.0677966101694,444
1220.3389830508472,2728.8135593220336,445
1220.3389830508472,2813.559322033898,446
1220.3389830508472,2898.3050847457625,447
1220.3389830508472,2983.050847457627,448
1220.3389830508472,3067.796610169491,449
1220.3389830508472,3152.542372881356,450
1220.3389830508472,3237.2881355932204,451
1305.0847457627117,-322.0338983050848,452
1305.0847457627117,101.69491525423724,453
1305.0847457627117,186.4406779661017,454
1305.0847457627117,271.18644067796595,455
1305.0847457627117,355.9322033898304,456
1305.0847457627117,440.6779661016949,457
1305.0847457627117,525.4237288135591,458
1305.0847457627117,610.1694915254236,459
1305.0847457627117,694.9152542372881,460
1305.0847457627117,779.6610169491523,461
1305.0847457627117,1203.3898305084745,462
1305.0847457627117,2644.0677966101694,463
1305.0847457627117,2728.8135593220336,464
1305.0847457627117,2813.559322033898,465
1305.0847457627117,2898.3050847457625,466
1305.0847457627117,2983.050847457627,467
1305.0847457627117,3152.542372881356,468
1305.0847457627117,3237.2881355932204,469
1389.8305084745762,-322.0338983050848,470
1389.8305084745762,-67.7966101694916,471
1389.8305084745762,16.949152542372758,472
1389.8305084745762,101.69491525423724,473
1389.8305084745762,186.4406779661017,474
1389.8305084745762,271.18644067796595,475
1389.8305084745762,355.9322033898304,476
1389.8305084745762,440.6779661016949,477
1389.8305084745762,525.4237288135591,478
1389.8305084745762,610.1694915254236,479
1389.8305084745762,694.9152542372881,480
1389.8305084745762,779.6610169491523,481
1389.8305084745762,864.4067796610168,482
1389.8305084745762,949.1525423728812,483
1389.8305084745762,1033.8983050847455,484
1389.8305084745762,1118.6440677966102,485
1389.8305084745762,1203.3898305084745,486
1389.8305084745762,2728.8135593220336,487
1389.8305084745762,2813.559322033898,488
1389.8305084745762,2898.3050847457625,489
1474.5762711864404,-322.0338983050848,490
1474.5762711864404,-67.7966101694916,491
1474.5762711864404,16.949152542372758,492
1474.5762711864404,101.69491525423724,493
1474.5762711864404,186.4406779661017,494
1474.5762711864404,271.18644067796595,495
1474.5762711864404,355.9322033898304,496
1474.5762711864404,440.6779661016949,497
1474.5762711864404,525.4237288135591,498
1474.5762711864404,610.1694915254236,499
1474.5762711864404,694.9152542372881,500
1474.5762711864404,779.6610169491523,501
1474.5762711864404,864.4067796610168,502
1474.5762711864404,949.1525423728812,503
1474.5762711864404,1033.8983050847455,504
1474.5762711864404,1118.6440677966102,505
1474.5762711864404,1203.3898305084745,506
1474.5762711864404,2728.8135593220336,507
1474.5762711864404,2813.559322033898,508
1474.5762711864404,2898.3050847457625,509
1559.3220338983049,-322.0338983050848,510
1559.3220338983049,-67.7966101694916,511
1559.3220338983049,16.949152542372758,512
1559.3220338983049,101.69491525423724,513
1559.3220338983049,1033.8983050847455,514
1559.3220338983049,1118.6440677966102,515
1559.3220338983049,1203.3898305084745,516
1559.3220338983049,2728.8135593220336,517
1559.3220338983049,2813.559322033898,518
1559.3220338983049,2898.3050847457625,519
1559.3220338983049,2983.050847457627,520
1644.0677966101694,-322.0338983050848,521
1644.0677966101694,-67.7966101694916,522
1644.0677966101694,16.949152542372758,523
1644.0677966101694,101.69491525423724,524
1644.0677966101694,1033.8983050847455,525
1644.0677966101694,1118.6440677966102,526
1644.0677966101694,1203.3898305084745,527
1644.0677966101694,1627.1186440677966,528
1644.0677966101694,1711.8644067796608,529
1644.0677966101694,1796.610169491525,530
1644.0677966101694,1881.3559322033896,531
1644.0677966101694,1966.101694915254,532
1644.0677966101694,2050.8474576271183,533
1644.0677966101694,2135.593220338983,534
1644.0677966101694,2220.338983050847,535
1644.0677966101694,2305.0847457627115,536
1644.0677966101694,2389.830508474576,537
1644.0677966101694,2474.5762711864404,538
1644.0677966101694,2559.3220338983047,539
1644.0677966101694,2644.0677966101694,540
1644.0677966101694,2728.8135593220336,541
1644.0677966101694,2813.559322033898,542
1644.0677966101694,2898.3050847457625,543
1644.0677966101694,2983.050847457627,544
1728.8135593220336,-322.0338983050848,545
1728.8135593220336,-67.7966101694916,546
1728.8135593220336,16.949152542372758,547
1728.8135593220336,101.69491525423724,548
1728.8135593220336,1033.8983050847455,549
1728.8135593220336,1118.6440677966102,550
1728.8135593220336,1203.3898305084745,551
1728.8135593220336,1627.1186440677966,552
1728.8135593220336,1796.610169491525,553
1728.8135593220336,1881.3559322033896,554
1728.8135593220336,2305.0847457627115,555
1728.8135593220336,2474.5762711864404,556
1728.8135593220336,2559.3220338983047,557
1728.8135593220336,2644.0677966101694,558
1728.8135593220336,2728.8135593220336,559
1728.8135593220336,2813.559322033898,560
1728.8135593220336,2898.3050847457625,561
1728.8135593220336,2983.050847457627,562
1813.5593220338976,-322.0338983050848,563
1813.5593220338976,-67.7966101694916,564
1813.5593220338976,16.949152542372758,565
1813.5593220338976,101.69491525423724,566
1813.5593220338976,186.4406779661017,567
1813.5593220338976,271.18644067796595,568
1813.5593220338976,355.9322033898304,569
1813.5593220338976,440.6779661016949,570
1813.5593220338976,525.4237288135591,571
1813.5593220338976,610.1694915254236,572
1813.5593220338976,694.9152542372881,573
1813.5593220338976,1033.8983050847455,574
1813.5593220338976,1118.6440677966102,575
1813.5593220338976,1203.3898305084745,576
1813.5593220338976,1288.1355932203387,577
1813.5593220338976,1372.8813559322034,578
1813.5593220338976,1457.6271186440677,579
1813.5593220338976,1542.372881355932,580
1813.5593220338976,1627.1186440677966,581
1813.5593220338976,1711.8644067796608,582
1813.5593220338976,1881.3559322033896,583
1813.5593220338976,2220.338983050847,584
1813.5593220338976,2305.0847457627115,585
1813.5593220338976,2389.830508474576,586
1813.5593220338976,2474.5762711864404,587
1813.5593220338976,2559.3220338983047,588
1813.5593220338976,2644.0677966101694,589
1813.5593220338976,2728.8135593220336,590
1813.5593220338976,2813.559322033898,591
1813.5593220338976,2898.3050847457625,592
1813.5593220338976,2983.050847457627,593
1898.3050847457623,-322.0338983050848,594
1898.3050847457623,-237.28813559322043,595
1898.3050847457623,-152.54237288135596,596
1898.3050847457623,-67.7966101694916,597
1898.3050847457623,16.949152542372758,598
1898.3050847457623,101.69491525423724,599
1898.3050847457623,271.18644067796595,600
1898.3050847457623,355.9322033898304,601
1898.3050847457623,440.6779661016949,602
1898.3050847457623,525.4237288135591,603
1898.3050847457623,610.1694915254236,604
1898.3050847457623,1033.8983050847455,605
1898.3050847457623,1118.6440677966102,606
1898.3050847457623,1203.3898305084745,607
1898.3050847457623,1627.1186440677966,608
1898.3050847457623,1711.8644067796608,609
1898.3050847457623,1796.610169491525,610
1898.3050847457623,1881.3559322033896,611
1898.3050847457623,2220.338983050847,612
1898.3050847457623,2305.0847457627115,613
1898.3050847457623,2389.830508474576,614
1898.3050847457623,2474.5762711864404,615
1898.3050847457623,2644.0677966101694,616
1898.3050847457623,2728.8135593220336,617
1898.3050847457623,2813.559322033898,618
1898.3050847457623,2898.3050847457625,619
1983.0508474576268,-237.28813559322043,620
1983.0508474576268,-152.54237288135596,621
1983.0508474576268,-67.7966101694916,622
1983.0508474576268,16.949152542372758,623
1983.0508474576268,101.69491525423724,624
1983.0508474576268,186.4406779661017,625
1983.0508474576268,271.18644067796595,626
1983.0508474576268,355.9322033898304,627
1983.0508474576268,440.6779661016949,628
1983.0508474576268,525.4237288135591,629
1983.0508474576268,610.1694915254236,630
1983.0508474576268,694.9152542372881,631
1983.0508474576268,1033.8983050847455,632
1983.0508474576268,1118.6440677966102,633
1983.0508474576268,1203.3898305084745,634
1983.0508474576268,1627.1186440677966,635
1983.0508474576268,1796.610169491525,636
1983.0508474576268,1881.3559322033896,637
1983.0508474576268,2305.0847457627115,638
1983.0508474576268,2389.830508474576,639
1983.0508474576268,2474.5762711864404,640
1983.0508474576268,2559.3220338983047,641
1983.0508474576268,2644.0677966101694,642
1983.0508474576268,2728.8135593220336,643
1983.0508474576268,2813.559322033898,644
1983.0508474576268,2898.3050847457625,645
1983.0508474576268,2983.050847457627,646
2067.796610169491,-491.5254237288136,647
2067.796610169491,-406.7796610169492,648
2067.796610169491,-322.0338983050848,649
2067.796610169491,-237.28813559322043,650
2067.796610169491,-152.54237288135596,651
2067.796610169491,-67.7966101694916,652
2067.796610169491,16.949152542372758,653
2067.796610169491,101.69491525423724,654
2067.796610169491,186.4406779661017,655
2067.796610169491,271.18644067796595,656
2067.796610169491,355.9322033898304,657
2067.796610169491,440.6779661016949,658
2067.796610169491,525.4237288135591,659
2067.796610169491,610.1694915254236,660
2067.796610169491,694.9152542372881,661
2067.796610169491,1033.8983050847455,662
2067.796610169491,1118.6440677966102,663
2067.796610169491,1203.3898305084745,664
2067.796610169491,1627.1186440677966,665
2067.796610169491,1711.8644067796608,666
2067.796610169491,1796.610169491525,667
2067.796610169491,1881.3559322033896,668
2152.542372881356,-491.5254237288136,669
2152.542372881356,-406.7796610169492,670
2152.542372881356,-322.0338983050848,671
2152.542372881356,-237.28813559322043,672
2152.542372881356,-152.54237288135596,673
2152.542372881356,-67.7966101694916,674
2152.542372881356,16.949152542372758,675
2152.542372881356,101.69491525423724,676
2152.542372881356,186.4406779661017,677
2152.542372881356,271.18644067796595,678
2152.542372881356,355.9322033898304,679
2152.542372881356,440.6779661016949,680
2152.542372881356,525.4237288135591,681
2152.542372881356,610.1694915254236,682
2152.542372881356,694.9152542372881,683
2152.542372881356,1033.8983050847455,684
2152.542372881356,1118.6440677966102,685
2152.542372881356,1203.3898305084745,686
2152.542372881356,1627.1186440677966,687
2152.542372881356,1796.610169491525,688
2152.542372881356,1881.3559322033896,689
2237.2881355932204,-491.5254237288136,690
2237.2881355932204,-406.7796610169492,691
2237.2881355932204,-322.0338983050848,692
2237.2881355932204,-237.28813559322043,693
2237.2881355932204,-152.54237288135596,694
2237.2881355932204,-67.7966101694916,695
2237.2881355932204,16.949152542372758,696
2237.2881355932204,101.69491525423724,697
2237.2881355932204,186.4406779661017,698
2237.2881355932204,271.18644067796595,699
2237.2881355932204,355.9322033898304,700
2237.2881355932204,440.6779661016949,701
2237.2881355932204,525.4237288135591,702
2237.2881355932204,610.1694915254236,703
2237.2881355932204,694.9152542372881,704
2237.2881355932204,779.6610169491523,705
2237.2881355932204,864.4067796610168,706
2237.2881355932204,949.1525423728812,707
2237.2881355932204,1033.8983050847455,708
2237.2881355932204,1118.6440677966102,709
2237.2881355932204,1203.3898305084745,710
2237.2881355932204,1627.1186440677966,711
2237.2881355932204,1796.610169491525,712
2237.2881355932204,1881.3559322033896,713
2237.2881355932204,1966.101694915254,714
2322.033898305084,-491.5254237288136,715
2322.033898305084,-406.7796610169492,716
2322.033898305084,-322.0338983050848,717
2322.033898305084,-237.28813559322043,718
2322.033898305084,-152.54237288135596,719
2322.033898305084,-67.7966101694916,720
2322.033898305084,16.949152542372758,721
2322.033898305084,101.69491525423724,722
2322.033898305084,186.4406779661017,723
2322.033898305084,271.18644067796595,724
2322.033898305084,355.9322033898304,725
2322.033898305084,440.6779661016949,726
2322.033898305084,525.4237288135591,727
2322.033898305084,610.1694915254236,728
2322.033898305084,694.9152542372881,729
2322.033898305084,779.6610169491523,730
2322.033898305084,864.4067796610168,731
2322.033898305084,949.1525423728812,732
2322.033898305084,1033.8983050847455,733
2322.033898305084,1118.6440677966102,734
2322.033898305084,1203.3898305084745,735
2322.033898305084,1457.6271186440677,736
2322.033898305084,1542.372881355932,737
2322.033898305084,1627.1186440677966,738
2322.033898305084,1711.8644067796608,739
2322.033898305084,1796.610169491525,740
2322.033898305084,1881.3559322033896,741
2322.033898305084,1966.101694915254,742
2406.779661016949,-491.5254237288136,743
2406.779661016949,-406.7796610169492,744
2406.779661016949,-322.0338983050848,745
2406.779661016949,-237.28813559322043,746
2406.779661016949,-152.54237288135596,747
2406.779661016949,-67.7966101694916,748
2406.779661016949,16.949152542372758,749
2406.779661016949,101.69491525423724,750
2406.779661016949,186.4406779661017,751
2406.779661016949,271.18644067796595,752
2406.779661016949,355.9322033898304,753
2406.779661016949,440.6779661016949,754
2406.779661016949,525.4237288135591,755
2406.779661016949,610.1694915254236,756
2406.779661016949,694.9152542372881,757
2406.779661016949,779.6610169491523,758
2406.779661016949,864.4067796610168,759
2406.779661016949,949.1525423728812,760
2406.779661016949,1033.8983050847455,761
2406.779661016949,1118.6440677966102,762
2406.779661016949,1203.3898305084745,763
2406.779661016949,1457.6271186440677,764
2406.779661016949,1542.372881355932,765
2406.779661016949,1627.1186440677966,766
2406.779661016949,1711.8644067796608,767
2406.779661016949,1796.610169491525,768
2406.779661016949,1881.3559322033896,769
2406.779661016949,1966.101694915254,770
2491.5254237288136,-491.5254237288136,771
2491.5254237288136,-406.7796610169492,772
2491.5254237288136,-322.0338983050848,773
2491.5254237288136,-237.28813559322043,774
2491.5254237288136,-152.54237288135596,775
2491.5254237288136,-67.7966101694916,776
2491.5254237288136,16.949152542372758,777
2491.5254237288136,101.69491525423724,778
2491.5254237288136,186.4406779661017,779
2491.5254237288136,271.18644067796595,780
2491.5254237288136,355.9322033898304,781
2491.5254237288136,440.6779661016949,782
2491.5254237288136,525.4237288135591,783
2491.5254237288136,949.1525423728812,784
2491.5254237288136,1118.6440677966102,785
2491.5254237288136,1203.3898305084745,786
2491.5254237288136,1288.1355932203387,787
2491.5254237288136,1457.6271186440677,788
2491.5254237288136,1542.372881355932,789
2491.5254237288136,1881.3559322033896,790
2491.5254237288136,1966.101694915254,791
2576.2711864406774,-491.5254237288136,792
2576.2711864406774,-406.7796610169492,793
2576.2711864406774,-322.0338983050848,794
2576.2711864406774,-237.28813559322043,795
2576.2711864406774,-152.54237288135596,796
2576.2711864406774,-67.7966101694916,797
2576.2711864406774,16.949152542372758,798
2576.2711864406774,101.69491525423724,799
2576.2711864406774,186.4406779661017,800
2576.2711864406774,271.18644067796595,801
2576.2711864406774,355.9322033898304,802
2576.2711864406774,440.6779661016949,803
2576.2711864406774,525.4237288135591,804
2576.2711864406774,1118.6440677966102,805
2576.2711864406774,1203.3898305084745,806
2576.2711864406774,1288.1355932203387,807
2576.2711864406774,1372.8813559322034,808
2576.2711864406774,1457.6271186440677,809
2576.2711864406774,1542.372881355932,810
2661.016949152542,1118.6440677966102,811
2661.016949152542,1203.3898305084745,812
320.0,-300.0,1000
