player_name,rating_2.0,DPR,KAST,Impact,ADR,KPR,total_kills,HS%,total_deaths,KD_ratio,dmgPR,grenade_dmgPR,maps_played,rounds_played,APR,saved_by_teammatePR,saved_teammatesPR,rounds_with_kils,KD_diff,total_opening_kills,total_opening_deaths,opening_kill_ratio,opening_kill_rating,team_W%_after_opening,opening_kill_in_W_rounds,0_kill_rounds,1_kill_rounds,2_kill_rounds,3_kill_rounds,4_kill_rounds,5_kill_rounds,rifle_kills,sniper_kills,smg_kills,pistol_kills,grenade_kills,other_kills,maps_W%,rating_2.0_1+,rating_2.0_1+_streak,rating_1.0_all_Career,clutches_won_1on1,clutches_lost_1on1,clutches_won_1on2,clutches_won_1on3,clutches_won_1on4,clutches_won_1on5
ZywOo,1.0,0.12499999999999978,0.9498069498069497,0.9999999999999999,1.0,1.0,1.0,0.3111111111111112,0.758220502901354,0.9999999999999998,1.0,0.22666666666666668,0.8974358974358975,0.9188191881918819,0.3571428571428571,0.3076923076923076,0.6666666666666666,0.9519420671494404,0.9999999999999999,0.9999999999999999,0.5142231947483589,0.7413793103448277,0.8999999999999999,0.758,0.846846846846847,0.712882096069869,0.8688016528925621,1.0,1.0,1.0,0.75,0.6028901734104046,0.7331378299120235,0.2,1.0,0.425531914893617,0.23076923076923078,1.0,0.9259999999999999,1.0,1.0000000000000002,0.9259259259259258,0.41666666666666663,1.0,0.5,1.0,0.0
EliGE,0.7411764705882353,0.40625,0.7297297297297294,0.8032786885245902,0.8932461873638342,0.7962962962962961,0.6129317980513729,0.54,0.6329787234042553,0.6415094339622641,0.8932461873638342,0.30666666666666675,0.6410256410256411,0.6548138208654815,0.5714285714285714,0.3846153846153846,0.7777777777777776,0.6234364713627386,0.46614583333333326,0.609375,0.4989059080962801,0.39655172413793105,0.6500000000000001,0.715,0.7432432432432433,0.5556768558951964,0.6260330578512397,0.5986238532110092,0.5,0.3125,0.75,0.6427745664739885,0.00879765395894428,0.2,0.5122549019607844,0.3191489361702128,0.46153846153846156,0.7435897435897436,0.6409999999999999,0.21621621621621623,0.5777777777777782,0.6296296296296295,0.29166666666666663,0.34782608695652173,0.0,0.3333333333333333,0.0
electroNic,0.776470588235294,0.46874999999999956,0.6911196911196908,0.8770491803278687,0.9455337690631809,0.833333333333333,0.7728077945084145,0.43999999999999995,0.8056092843326886,0.6320754716981132,0.9455337690631809,0.3866666666666667,0.7863247863247864,0.8071117074807113,0.6428571428571428,0.46153846153846145,0.6666666666666666,0.7452271231073074,0.4696180555555555,0.7578125,0.737417943107221,0.3045977011494253,0.6000000000000001,0.716,0.7657657657657658,0.7025109170305677,0.6942148760330579,0.7568807339449543,0.8283582089552238,0.46875,1.0,0.7861271676300579,0.005865102639296188,0.5609756097560976,0.6176470588235294,0.40425531914893614,0.23076923076923078,0.7246963562753037,0.684,0.3783783783783784,0.5777777777777782,0.6666666666666666,0.25,0.43478260869565216,0.16666666666666666,0.0,0.0
m0NESY,0.8823529411764703,0.15624999999999978,0.8185328185328182,0.8770491803278687,0.849673202614379,0.9074074074074072,0.8277236492471213,0.24,0.6939071566731142,0.8679245283018868,0.849673202614379,0.06666666666666671,0.8034188034188035,0.8161690707816169,0.0714285714285714,0.46153846153846145,0.4444444444444443,0.8018433179723502,0.7777777777777777,0.8567708333333334,0.3807439824945295,0.8793103448275863,0.8999999999999999,0.761,0.8378378378378379,0.6703056768558951,0.7634297520661157,0.7935779816513763,0.7313432835820896,0.96875,1.0,0.31156069364161854,0.9716520039100685,0.1024390243902439,0.7549019607843137,0.23404255319148937,0.23076923076923078,0.8758434547908234,0.753,0.21621621621621623,0.8222222222222222,0.5925925925925926,0.8333333333333333,0.43478260869565216,0.16666666666666666,0.0,1.0
kRaSnaL,0.6705882352941175,0.4375,0.7567567567567566,0.6967213114754097,0.7668845315904138,0.7037037037037035,0.32949512843224094,0.40222222222222226,0.36895551257253384,0.5566037735849056,0.7668845315904138,0.4,0.36752136752136755,0.37705467963770545,0.6428571428571428,0.6923076923076923,0.6666666666666666,0.3311389071757735,0.38454861111111105,0.25781249999999994,0.29540481400437635,0.22413793103448276,0.3833333333333333,0.77,0.5630630630630631,0.3460698689956332,0.3305785123966942,0.3188073394495413,0.2537313432835821,0.1875,1.0,0.3289017341040463,0.0039100684261974585,0.3073170731707317,0.26225490196078427,0.19148936170212766,0.07692307692307693,0.7044534412955467,0.5,0.10810810810810811,0.33333333333333326,0.4444444444444444,0.25,0.17391304347826086,0.0,0.0,0.0
Spinx,0.8352941176470585,0.24999999999999978,0.8725868725868726,0.8114754098360654,0.8954248366013073,0.8703703703703702,0.912311780336581,0.5555555555555556,0.8118955512572534,0.8018867924528301,0.8954248366013073,0.21333333333333337,0.8974358974358975,0.9188191881918819,0.3571428571428571,0.23076923076923073,0.5555555555555555,0.9163923633969717,0.7317708333333333,0.7864583333333334,0.47921225382932164,0.5919540229885059,0.6833333333333336,0.7490000000000001,0.6576576576576577,0.74235807860262,0.8966942148760331,0.9128440366972478,0.8134328358208955,0.5,0.25,0.9710982658959537,0.019550342130987292,0.375609756097561,0.6691176470588236,0.3829787234042553,0.07692307692307693,1.0,0.7590000000000001,0.2972972972972973,0.6000000000000003,0.8148148148148148,0.5833333333333333,0.2608695652173913,0.6666666666666666,0.0,0.0
device,0.9058823529411764,0.15624999999999978,0.8185328185328182,0.9262295081967212,0.906318082788671,0.9259259259259258,0.487599645704163,0.04444444444444451,0.3955512572533849,0.8867924528301887,0.906318082788671,0.3866666666666667,0.4358974358974359,0.46762831264676286,0.1428571428571429,0.15384615384615385,0.4444444444444443,0.4733377221856484,0.6467013888888888,0.5364583333333334,0.212253829321663,1.0,1.0,0.71,0.9099099099099099,0.37554585152838427,0.4483471074380166,0.463302752293578,0.5149253731343284,0.4375,0.0,0.1716763005780347,0.5650048875855328,0.12682926829268293,0.47549019607843135,0.1702127659574468,0.34615384615384615,0.6248313090418354,0.7959999999999999,0.2702702702702703,0.7555555555555553,0.2962962962962963,0.3333333333333333,0.4782608695652174,0.6666666666666666,0.0,0.0
sense,0.8941176470588235,0.24999999999999978,0.9999999999999996,0.8770491803278687,0.9172113289760349,0.9259259259259258,0.028786536758193093,0.3155555555555556,0.013056092843326882,0.8301886792452831,0.9172113289760349,0.3866666666666667,0.017094017094017092,0.017443810801744383,0.9285714285714284,0.07692307692307687,0.5555555555555555,0.025016458196181694,0.43402777777777773,0.013020833333333334,0.0087527352297593,0.3045977011494253,0.2666666666666666,0.667,0.33333333333333337,0.014737991266375546,0.01756198347107438,0.0389908256880734,0.022388059701492536,0.0,0.25,0.03468208092485549,0.0,0.00975609756097561,0.014705882352941176,0.0425531914893617,0.038461538461538464,0.5398110661268556,1.0,0.13513513513513514,0.15555555555555567,0.1111111111111111,0.0,0.0,0.0,0.0,1.0
KaiR0N-,0.7294117647058824,0.46874999999999956,0.7567567567567566,0.7704918032786885,0.8627450980392157,0.7592592592592593,0.2316209034543844,0.5755555555555556,0.24468085106382978,0.5943396226415094,0.8627450980392157,0.040000000000000036,0.2307692307692308,0.24790338812479035,0.5714285714285714,0.46153846153846145,0.6666666666666666,0.24160631994733378,0.41579861111111105,0.22395833333333334,0.19256017505470457,0.36206896551724144,0.5833333333333335,0.7240000000000001,0.7072072072072072,0.2101528384279476,0.2582644628099174,0.1926605504587156,0.20149253731343283,0.1875,0.0,0.2531791907514451,0.0039100684261974585,0.04878048780487805,0.18137254901960784,0.02127659574468085,0.19230769230769232,0.7192982456140351,0.733,0.24324324324324326,0.4444444444444444,0.14814814814814814,0.125,0.21739130434782608,0.0,0.0,0.0
torzsi,0.776470588235294,0.09374999999999956,0.8223938223938223,0.7295081967213114,0.6753812636165577,0.7777777777777775,0.6102745792736936,0.10000000000000009,0.5367504835589942,0.8018867924528301,0.6753812636165577,0.053333333333333344,0.6666666666666667,0.6642066420664208,0.0,0.3076923076923076,0.4444444444444443,0.6260697827518105,0.6336805555555555,0.578125,0.2800875273522976,0.7873563218390806,0.7333333333333336,0.7440000000000001,0.6891891891891893,0.5687772925764192,0.643595041322314,0.5573394495412844,0.5522388059701493,0.25,0.75,0.18843930635838152,0.7575757575757576,0.24390243902439024,0.5392156862745099,0.3191489361702128,0.19230769230769232,0.8002699055330634,0.716,0.2702702702702703,0.6888888888888889,0.5555555555555556,0.625,0.34782608695652173,0.3333333333333333,0.0,0.0
DemQQ,0.7647058823529411,0.34375,0.8223938223938223,0.7868852459016393,0.8583877995642701,0.7407407407407407,0.34233835252435785,0.4866666666666668,0.35009671179883944,0.6415094339622641,0.8583877995642701,0.5733333333333334,0.36752136752136755,0.37705467963770545,0.6428571428571428,0.5384615384615383,0.7777777777777776,0.34233048057932847,0.44357638888888884,0.31510416666666663,0.2297592997811816,0.45977011494252873,0.6000000000000001,0.73,0.6486486486486487,0.33679039301310043,0.34194214876033063,0.30504587155963303,0.3582089552238806,0.25,0.0,0.3502890173410405,0.004887585532746823,0.2,0.28431372549019607,0.2127659574468085,0.11538461538461539,0.7044534412955467,0.652,0.13513513513513514,0.40000000000000013,0.3333333333333333,0.25,0.30434782608695654,0.16666666666666666,0.0,0.0
br0,0.7058823529411764,0.375,0.7683397683397679,0.7049180327868851,0.7864923747276689,0.7407407407407407,0.2821080602302923,0.5444444444444445,0.2901353965183752,0.6226415094339622,0.7864923747276689,0.5066666666666667,0.29914529914529914,0.30828581013082856,0.2857142857142857,0.46153846153846145,0.6666666666666666,0.28505595786701776,0.43315972222222215,0.2421875,0.22538293216630195,0.32183908045977017,0.5,0.7020000000000001,0.5765765765765767,0.27237991266375544,0.2882231404958678,0.26146788990825687,0.23134328358208955,0.25,0.25,0.28901734104046245,0.005865102639296188,0.14634146341463414,0.23529411764705882,0.23404255319148937,0.07692307692307693,0.7098515519568152,0.579,0.10810810810810811,0.35555555555555585,0.25925925925925924,0.3333333333333333,0.17391304347826086,0.16666666666666666,0.0,0.0
ropz,0.8352941176470585,0.21874999999999978,0.8069498069498069,0.8032786885245902,0.9215686274509804,0.8703703703703702,0.9920283436669619,0.6466666666666667,0.8704061895551257,0.820754716981132,0.9215686274509804,0.21333333333333337,1.0000000000000002,1.0,0.2857142857142857,0.07692307692307687,0.4444444444444443,1.0,0.782986111111111,0.8359375,0.5164113785557987,0.5862068965517242,0.6666666666666667,0.7390000000000001,0.6756756756756758,0.8051310043668122,1.0,0.9334862385321102,0.8955223880597015,0.6875,0.5,1.0,0.06256109481915934,0.5951219512195122,0.7916666666666667,0.19148936170212766,0.19230769230769232,0.7530364372469636,0.7170000000000001,0.32432432432432434,0.6666666666666672,0.7777777777777777,1.0,0.8260869565217391,1.0,0.0,0.0
broky,0.7999999999999998,0.21874999999999978,0.8416988416988418,0.7459016393442622,0.8061002178649237,0.8518518518518516,0.9796279893711248,0.11333333333333329,0.8762088974854932,0.7924528301886791,0.8061002178649237,0.22666666666666668,1.0000000000000002,1.0,0.2142857142857143,0.3846153846153846,0.5555555555555555,0.9822251481237656,0.7482638888888888,0.6640625,0.34135667396061264,0.7356321839080461,0.55,0.746,0.5405405405405406,0.8198689956331877,0.972107438016529,0.9243119266055047,0.9776119402985074,0.40625,1.0,0.42601156069364166,1.0,0.18536585365853658,0.9240196078431373,0.6170212765957447,1.0,0.7530364372469636,0.667,0.24324324324324326,0.5777777777777782,0.8148148148148148,0.5833333333333333,0.8695652173913043,1.0,0.3333333333333333,0.0
aliStair,0.5294117647058822,0.375,0.5791505791505789,0.581967213114754,0.49673202614379086,0.574074074074074,0.19264836138175379,0.028888888888888964,0.2306576402321083,0.49056603773584906,0.49673202614379086,0.053333333333333344,0.22222222222222227,0.2438778933243878,0.0,0.23076923076923073,0.33333333333333326,0.2021066491112574,0.36458333333333326,0.17708333333333334,0.17067833698030632,0.2988505747126437,0.43333333333333335,0.768,0.6846846846846847,0.236353711790393,0.21487603305785125,0.1720183486238532,0.14925373134328357,0.09375,0.25,0.05202312138728324,0.24633431085043989,0.04878048780487805,0.2058823529411765,0.10638297872340426,0.11538461538461539,0.3724696356275304,0.414,0.10810810810810811,0.5777777777777782,0.4074074074074074,0.08333333333333333,0.17391304347826086,0.3333333333333333,0.0,0.0
b1t,0.7529411764705882,0.2812499999999998,0.7644787644787643,0.7622950819672131,0.7821350762527233,0.7592592592592593,0.7519929140832595,0.788888888888889,0.7441972920696325,0.6886792452830188,0.7821350762527233,0.21333333333333337,0.8205128205128206,0.8262328077826233,0.2857142857142857,0.3076923076923076,0.4444444444444443,0.7702435813034891,0.5390625,0.7578125,0.5339168490153172,0.4885057471264368,0.6833333333333336,0.716,0.7252252252252254,0.712882096069869,0.7892561983471075,0.6903669724770642,0.664179104477612,0.46875,0.25,0.7635838150289017,0.016617790811339198,0.526829268292683,0.5906862745098039,0.3404255319148936,0.42307692307692313,0.7638326585695008,0.636,0.21621621621621623,0.5111111111111113,0.5185185185185185,0.4583333333333333,0.5652173913043478,0.5,0.0,0.0
nafany,0.5764705882352941,0.59375,0.6100386100386102,0.6721311475409835,0.7298474945533768,0.5925925925925923,0.33968113374667847,0.56,0.44535783365570597,0.4339622641509433,0.7298474945533768,0.48,0.4102564102564103,0.42569607514256963,0.5714285714285714,0.46153846153846145,0.2222222222222222,0.3607636603028308,0.26736111111111105,0.38541666666666663,0.4332603938730853,0.23563218390804597,0.5166666666666666,0.711,0.7027027027027027,0.4006550218340611,0.3904958677685951,0.2958715596330276,0.2537313432835821,0.1875,0.25,0.3260115606936416,0.006842619745845552,0.40487804878048783,0.2598039215686274,0.23404255319148937,0.15384615384615385,0.6612685560053981,0.43100000000000005,0.13513513513513514,0.2444444444444447,0.037037037037037035,0.125,0.08695652173913043,0.16666666666666666,0.0,0.0
rain,0.7294117647058824,0.4375,0.7065637065637067,0.8032786885245902,0.8910675381263617,0.7407407407407407,0.8981399468556244,0.6799999999999999,0.9859767891682786,0.5849056603773585,0.8910675381263617,0.5466666666666667,1.0000000000000002,1.0,0.5714285714285714,0.3076923076923076,0.33333333333333326,0.9025674786043449,0.3914930555555555,0.9817708333333334,0.8643326039387308,0.3563218390804598,0.6666666666666667,0.794,0.8513513513513514,0.8859170305676856,0.8946280991735538,0.8577981651376148,0.8208955223880597,0.65625,0.0,0.8971098265895954,0.0019550342130987292,0.32195121951219513,0.9387254901960784,0.5744680851063829,0.46153846153846156,0.7530364372469636,0.608,0.1891891891891892,0.4444444444444444,0.7407407407407407,0.5833333333333333,0.4782608695652174,0.3333333333333333,0.0,0.0
Magisk,0.7647058823529411,0.2812499999999998,0.8146718146718146,0.7459016393442622,0.8649237472766884,0.7592592592592593,0.7134632418069088,0.48444444444444446,0.7108317214700194,0.679245283018868,0.8649237472766884,0.68,0.7435897435897436,0.7903388124790338,0.4285714285714286,0.3076923076923076,0.4444444444444443,0.7182356813693219,0.5234375,0.6041666666666666,0.5010940919037199,0.38505747126436785,0.5333333333333334,0.725,0.5765765765765767,0.6975982532751092,0.7097107438016529,0.6903669724770642,0.6716417910447761,0.40625,0.0,0.7526011560693642,0.01466275659824047,0.1902439024390244,0.5980392156862745,0.425531914893617,0.15384615384615385,0.9595141700404858,0.6890000000000001,0.24324324324324326,0.555555555555556,0.5555555555555556,0.375,0.34782608695652173,0.16666666666666666,0.3333333333333333,0.0
volt,0.6352941176470588,0.4375,0.640926640926641,0.6803278688524589,0.7516339869281043,0.7037037037037035,0.33392382639503987,0.5111111111111113,0.3762088974854932,0.5471698113207546,0.7516339869281043,0.31999999999999995,0.358974358974359,0.3824220060382422,0.3571428571428571,0.3846153846153846,0.6666666666666666,0.34628044766293614,0.38020833333333326,0.29166666666666663,0.25820568927789933,0.3448275862068966,0.5,0.7170000000000001,0.6351351351351352,0.3422489082969432,0.3543388429752066,0.3325688073394496,0.23134328358208955,0.21875,0.0,0.35895953757225435,0.0009775171065493646,0.06341463414634146,0.28431372549019607,0.19148936170212766,0.07692307692307693,0.5991902834008097,0.489,0.08108108108108109,0.377777777777778,0.4074074074074074,0.25,0.08695652173913043,0.5,0.0,0.0
floppy,0.7294117647058824,0.375,0.8108108108108105,0.721311475409836,0.8344226579520699,0.7407407407407407,0.54162976085031,0.41333333333333333,0.5691489361702128,0.6226415094339622,0.8344226579520699,0.2,0.5982905982905984,0.6018114726601811,0.5714285714285714,0.6153846153846154,0.8888888888888887,0.5450954575378538,0.44097222222222215,0.41406249999999994,0.3435448577680525,0.38505747126436785,0.46666666666666656,0.675,0.5315315315315317,0.5343886462882096,0.5619834710743802,0.45412844036697253,0.47761194029850745,0.59375,0.75,0.5682080924855492,0.0039100684261974585,0.22926829268292684,0.463235294117647,0.10638297872340426,0.15384615384615385,0.6842105263157896,0.603,0.24324324324324326,0.5111111111111113,0.48148148148148145,0.125,0.34782608695652173,0.3333333333333333,0.0,0.0
flameZ,0.7294117647058824,0.3125,0.8146718146718146,0.7377049180327868,0.7886710239651415,0.7037037037037035,0.5894596988485385,0.4488888888888889,0.6247582205029014,0.6132075471698113,0.7886710239651415,0.5866666666666667,0.6666666666666667,0.6766185843676618,0.5714285714285714,0.6153846153846154,0.6666666666666666,0.6017116524028967,0.43489583333333326,0.5442708333333334,0.5207877461706784,0.31034482758620696,0.5166666666666666,0.71,0.6036036036036037,0.6091703056768558,0.6208677685950413,0.5068807339449541,0.5970149253731343,0.375,0.0,0.5924855491329479,0.0039100684261974585,0.5024390243902439,0.4313725490196078,0.6170212765957447,0.11538461538461539,0.8502024291497976,0.617,0.16216216216216217,0.48888888888888915,0.5185185185185185,0.29166666666666663,0.2608695652173913,0.6666666666666666,0.0,0.0
kyxsan,0.6470588235294117,0.40625,0.8146718146718146,0.6229508196721311,0.718954248366013,0.6666666666666665,0.20593445527015058,0.40888888888888886,0.22920696324951645,0.5471698113207546,0.718954248366013,0.52,0.22222222222222227,0.23716873532371685,0.5,0.46153846153846145,0.4444444444444443,0.21263989466754443,0.39322916666666663,0.15104166666666666,0.14660831509846825,0.29310344827586204,0.3833333333333333,0.7120000000000001,0.5045045045045046,0.21670305676855894,0.2128099173553719,0.21100917431192662,0.18656716417910446,0.0,0.0,0.19826589595375724,0.007820136852394917,0.2,0.15441176470588236,0.19148936170212766,0.2692307692307693,0.6045883940620783,0.5860000000000001,0.10810810810810811,0.33333333333333326,0.1111111111111111,0.08333333333333333,0.17391304347826086,0.0,0.0,0.0
jkaem,0.776470588235294,0.5312499999999996,0.5598455598455594,0.9344262295081965,0.9891067538126361,0.8888888888888888,0.24402125775022143,0.608888888888889,0.24129593810444874,0.6603773584905661,0.9891067538126361,0.21333333333333337,0.22222222222222227,0.23716873532371685,0.4285714285714286,0.3076923076923076,0.33333333333333326,0.23304805793285055,0.4461805555555555,0.28906249999999994,0.22319474835886213,0.4252873563218391,0.8333333333333333,0.67,0.900900900900901,0.19978165938864628,0.21487603305785125,0.23394495412844038,0.27611940298507465,0.21875,0.0,0.27052023121387286,0.0,0.04878048780487805,0.16666666666666666,0.23404255319148937,0.11538461538461539,0.6045883940620783,0.655,0.13513513513513514,0.48888888888888915,0.25925925925925924,0.125,0.0,0.16666666666666666,0.0,0.0
Jimpphat,0.776470588235294,0.0,0.9999999999999996,0.6475409836065573,0.6862745098039214,0.6851851851851851,0.24534986713906115,0.56,0.2142166344294004,0.7735849056603772,0.6862745098039214,0.29333333333333333,0.28205128205128205,0.2791009728279101,0.2857142857142857,0.23076923076923073,0.6666666666666666,0.24950625411454902,0.49739583333333326,0.1640625,0.1050328227571116,0.5287356321839081,0.43333333333333335,0.812,0.472972972972973,0.25436681222707425,0.25619834710743805,0.21100917431192662,0.2537313432835821,0.15625,0.0,0.2549132947976879,0.002932551319648094,0.1073170731707317,0.20098039215686275,0.23404255319148937,0.038461538461538464,0.9001349527665318,0.6940000000000001,0.35135135135135137,0.6666666666666672,0.37037037037037035,0.041666666666666664,0.17391304347826086,0.16666666666666666,0.0,0.0
Brollan,0.6235294117647059,0.46874999999999956,0.6061776061776056,0.7131147540983606,0.7668845315904138,0.6111111111111109,0.3534100974313552,0.5755555555555556,0.4323017408123791,0.4811320754716981,0.7668845315904138,0.52,0.4358974358974359,0.4381080174438108,0.5,0.3846153846153846,0.33333333333333326,0.3660302830809743,0.31770833333333326,0.44531249999999994,0.3610503282275711,0.39655172413793105,0.7000000000000002,0.663,0.7882882882882883,0.4164847161572052,0.38016528925619836,0.32568807339449546,0.2835820895522388,0.25,0.0,0.3641618497109827,0.0019550342130987292,0.17560975609756097,0.3063725490196078,0.2553191489361702,0.07692307692307693,0.524966261808367,0.40700000000000003,0.16216216216216217,0.48888888888888915,0.25925925925925924,0.29166666666666663,0.30434782608695654,0.0,0.0,0.0
w0nderful,0.8235294117647056,0.09374999999999956,0.903474903474903,0.7049180327868851,0.7494553376906319,0.8518518518518516,0.2860938883968113,0.16000000000000003,0.2306576402321083,0.8679245283018868,0.7494553376906319,0.040000000000000036,0.29914529914529914,0.2871519624287152,0.0714285714285714,0.3076923076923076,0.9999999999999999,0.2916392363396971,0.5477430555555555,0.21875,0.08971553610503281,0.9195402298850575,0.6333333333333335,0.659,0.5675675675675677,0.23253275109170304,0.3006198347107438,0.24770642201834867,0.27611940298507465,0.21875,0.0,0.13294797687861273,0.3020527859237537,0.03902439024390244,0.24509803921568626,0.0851063829787234,0.038461538461538464,0.6032388663967612,0.632,0.16216216216216217,0.7777777777777779,0.3333333333333333,0.375,0.21739130434782608,0.0,0.3333333333333333,0.0
sdy,0.7529411764705882,0.34375,0.7837837837837838,0.7295081967213114,0.8932461873638342,0.8148148148148147,0.3609388839681134,0.3155555555555556,0.3505802707930367,0.6886792452830188,0.8932461873638342,0.41333333333333333,0.36752136752136755,0.37705467963770545,0.5714285714285714,0.3846153846153846,0.5555555555555555,0.3699802501645819,0.47916666666666663,0.2630208333333333,0.22319474835886213,0.367816091954023,0.46666666666666656,0.696,0.5180180180180181,0.31386462882096067,0.3832644628099174,0.32339449541284404,0.291044776119403,0.3125,0.25,0.34450867052023126,0.02737047898338221,0.2780487804878049,0.28431372549019607,0.2553191489361702,0.5,0.7044534412955467,0.63,0.13513513513513514,0.48888888888888915,0.3333333333333333,0.29166666666666663,0.13043478260869565,0.16666666666666666,0.0,0.0
afro,0.7411764705882353,0.24999999999999978,0.6795366795366795,0.7868852459016393,0.7145969498910676,0.7777777777777775,0.24003542958370241,0.0,0.22340425531914893,0.7169811320754718,0.7145969498910676,0.30666666666666675,0.23931623931623933,0.25327071452532707,0.0,0.15384615384615385,0.4444444444444443,0.24028966425279785,0.47048611111111105,0.25260416666666663,0.16630196936542668,0.5229885057471265,0.7333333333333336,0.6729999999999999,0.7612612612612613,0.21997816593886463,0.23450413223140495,0.24082568807339452,0.20149253731343283,0.1875,0.0,0.07976878612716763,0.3118279569892473,0.029268292682926828,0.18382352941176472,0.2127659574468085,0.07692307692307693,0.6099865047233469,0.613,0.10810810810810811,0.5333333333333334,0.18518518518518517,0.16666666666666666,0.21739130434782608,0.3333333333333333,0.0,0.0
k0nfig,0.6352941176470588,0.5625,0.5984555984555979,0.7377049180327868,0.7777777777777777,0.7222222222222221,0.3644818423383525,0.6577777777777778,0.42311411992263054,0.5283018867924528,0.7777777777777777,0.10666666666666674,0.4017094017094017,0.41026501174102653,0.3571428571428571,0.3076923076923076,0.4444444444444443,0.3660302830809743,0.35590277777777773,0.36718749999999994,0.37199124726477023,0.28160919540229884,0.55,0.725,0.7882882882882883,0.37117903930131,0.36776859504132237,0.32798165137614677,0.3656716417910448,0.1875,0.5,0.3549132947976879,0.02346041055718475,0.15609756097560976,0.3799019607843137,0.0851063829787234,0.11538461538461539,0.45883940620782726,0.42,0.10810810810810811,0.555555555555556,0.2222222222222222,0.16666666666666666,0.08695652173913043,0.16666666666666666,0.0,0.0
Grim,0.7058823529411764,0.4375,0.7722007722007715,0.7459016393442622,0.7995642701525054,0.7592592592592593,0.5473870682019486,0.48888888888888893,0.5913926499032882,0.5943396226415094,0.7995642701525054,0.28,0.5982905982905984,0.6018114726601811,0.4285714285714286,0.6153846153846154,0.9999999999999999,0.5371955233706386,0.41232638888888884,0.46874999999999994,0.4704595185995623,0.28735632183908044,0.4833333333333334,0.652,0.5810810810810811,0.5409388646288209,0.5175619834710744,0.5252293577981652,0.5,0.59375,0.0,0.5757225433526011,0.011730205278592375,0.17073170731707318,0.45588235294117646,0.3404255319148936,0.19230769230769232,0.6842105263157896,0.5479999999999999,0.1891891891891892,0.48888888888888915,0.5185185185185185,0.41666666666666663,0.13043478260869565,0.3333333333333333,0.0,0.0
jL,0.6705882352941175,0.4375,0.7104247104247103,0.6885245901639343,0.7647058823529413,0.7037037037037035,0.4521700620017715,0.47777777777777786,0.5014506769825919,0.5660377358490566,0.7647058823529413,0.29333333333333333,0.5213675213675214,0.5145924186514592,0.5,0.3076923076923076,0.5555555555555555,0.4628044766293614,0.38715277777777773,0.37499999999999994,0.387308533916849,0.2758620689655173,0.43333333333333335,0.703,0.5630630630630631,0.46069868995633184,0.472107438016529,0.4174311926605505,0.417910447761194,0.25,0.0,0.4572254335260116,0.016617790811339198,0.22926829268292684,0.3946078431372549,0.23404255319148937,0.2692307692307693,0.7165991902834009,0.578,0.16216216216216217,0.5333333333333334,0.5555555555555556,0.16666666666666666,0.2608695652173913,0.16666666666666666,0.0,0.0
frozen,0.8588235294117645,0.0625,0.9073359073359066,0.7704918032786885,0.9368191721132897,0.7962962962962961,0.6386182462356067,0.46444444444444444,0.5449709864603483,0.8396226415094339,0.9368191721132897,0.7066666666666667,0.6752136752136753,0.6766185843676618,0.5714285714285714,0.23076923076923073,0.4444444444444443,0.6168531928900592,0.6744791666666666,0.46093749999999994,0.3107221006564551,0.5172413793103449,0.5166666666666666,0.758,0.5585585585585586,0.5966157205240175,0.5754132231404959,0.6353211009174312,0.6268656716417911,0.5,0.75,0.6745664739884393,0.006842619745845552,0.1073170731707317,0.5637254901960784,0.5319148936170213,0.2692307692307693,0.8232118758434548,0.8290000000000001,0.3783783783783784,0.6666666666666672,0.5185185185185185,0.3333333333333333,0.30434782608695654,0.3333333333333333,1.0,0.0
NiKo,0.8588235294117645,0.2812499999999998,0.8108108108108105,0.8852459016393441,1.0,0.8703703703703702,0.8108945969884853,0.5688888888888888,0.7388781431334623,0.7735849056603772,1.0,0.7066666666666667,0.8034188034188035,0.8161690707816169,0.4285714285714286,0.15384615384615385,0.5555555555555555,0.793285055957867,0.6640625,0.8359375,0.6520787746170678,0.4252873563218391,0.7333333333333336,0.748,0.8063063063063063,0.6774017467248908,0.7603305785123967,0.7683486238532111,0.8432835820895522,0.59375,0.5,0.8335260115606936,0.02346041055718475,0.16097560975609757,0.7671568627450981,0.44680851063829785,0.8461538461538463,0.8758434547908234,0.753,0.4864864864864865,0.7333333333333332,0.6666666666666666,0.75,0.30434782608695654,0.5,0.0,0.0
ADDICT,0.7411764705882353,0.65625,0.7644787644787643,0.8032786885245902,0.9433551198257082,0.8888888888888888,0.01062887511071745,0.7577777777777777,0.0009671179883945814,0.6037735849056604,0.9433551198257082,0.21333333333333337,0.0,0.0,0.2857142857142857,0.5384615384615383,0.9999999999999999,0.00855826201448321,0.42013888888888884,0.015624999999999998,0.006564551422319475,0.48275862068965514,0.7333333333333336,0.429,0.7522522522522523,0.0,0.005165289256198347,0.013761467889908258,0.007462686567164179,0.03125,0.0,0.009826589595375723,0.0,0.01951219512195122,0.0196078431372549,0.0,0.0,0.0,0.667,0.05405405405405406,0.555555555555556,0.0,0.041666666666666664,0.0,0.0,0.0,0.0
siuhy,0.6823529411764706,0.4375,0.6872586872586872,0.6885245901639343,0.7973856209150327,0.7037037037037035,0.39193976970770594,0.4688888888888889,0.43423597678916825,0.5660377358490566,0.7973856209150327,0.33333333333333337,0.46153846153846156,0.4475008386447501,0.5,0.46153846153846145,0.4444444444444443,0.40355497037524685,0.3897569444444444,0.30729166666666663,0.3807439824945295,0.19540229885057475,0.3500000000000001,0.8320000000000001,0.5810810810810811,0.4006550218340611,0.4101239669421488,0.3830275229357798,0.31343283582089554,0.21875,0.0,0.4184971098265896,0.002932551319648094,0.18536585365853658,0.2818627450980392,0.2127659574468085,0.34615384615384615,0.8758434547908234,0.509,0.16216216216216217,0.35555555555555585,0.2222222222222222,0.16666666666666666,0.17391304347826086,0.16666666666666666,0.0,0.0
KRIMZ,0.6352941176470588,0.34375,0.640926640926641,0.6393442622950819,0.7363834422657953,0.6666666666666665,0.5345438441098317,0.3555555555555556,0.5923597678916828,0.5754716981132075,0.7363834422657953,0.36,0.5982905982905984,0.6309963099630995,0.2857142857142857,0.3076923076923076,0.5555555555555555,0.5497037524687295,0.38541666666666663,0.36718749999999994,0.34135667396061264,0.32183908045977017,0.3833333333333333,0.746,0.5045045045045046,0.5780567685589519,0.5702479338842975,0.4793577981651377,0.44776119402985076,0.40625,0.25,0.5323699421965318,0.004887585532746823,0.3121951219512195,0.5073529411764706,0.2978723404255319,0.46153846153846156,0.6099865047233469,0.589,0.13513513513513514,0.48888888888888915,0.5925925925925926,0.41666666666666663,0.43478260869565216,0.3333333333333333,0.0,0.0
INS,0.7176470588235293,0.5312499999999996,0.5675675675675671,0.8360655737704916,0.9477124183006536,0.7777777777777775,0.23073516386182463,0.3911111111111112,0.25,0.5754716981132075,0.9477124183006536,1.0,0.22222222222222227,0.2438778933243878,0.4285714285714286,0.3846153846153846,0.33333333333333326,0.22448979591836732,0.40451388888888884,0.24739583333333334,0.212253829321663,0.36206896551724144,0.6666666666666667,0.667,0.8243243243243245,0.2177947598253275,0.21797520661157024,0.19724770642201836,0.2835820895522388,0.1875,0.0,0.22774566473988442,0.010752688172043012,0.1024390243902439,0.20098039215686275,0.40425531914893614,0.07692307692307693,0.3724696356275304,0.552,0.1891891891891892,0.6666666666666672,0.14814814814814814,0.20833333333333331,0.30434782608695654,0.5,0.0,0.0
SunPayus,0.8470588235294116,0.12499999999999978,0.8185328185328182,0.844262295081967,0.8082788671023966,0.8518518518518516,0.6775907883082374,0.022222222222222254,0.571083172147002,0.8584905660377358,0.8082788671023966,0.12,0.6666666666666667,0.6913787319691378,0.1428571428571429,0.23076923076923073,0.5555555555555555,0.662936142198815,0.7039930555555555,0.7057291666666666,0.35667396061269147,0.7528735632183908,0.8499999999999999,0.7759999999999999,0.8648648648648649,0.5824235807860262,0.6373966942148761,0.6444954128440368,0.6343283582089552,0.75,0.0,0.2566473988439307,0.7908113391984359,0.1073170731707317,0.6102941176470589,0.2127659574468085,0.19230769230769232,0.8002699055330634,0.691,0.21621621621621623,0.6444444444444446,0.7037037037037037,0.375,0.6956521739130435,0.0,0.0,0.0
Twistzz,0.7411764705882353,0.2812499999999998,0.8108108108108105,0.7131147540983606,0.7973856209150327,0.7407407407407407,0.8339238263950398,0.6488888888888888,0.8389748549323017,0.6698113207547169,0.7973856209150327,0.44000000000000006,0.9230769230769231,0.9315665883931568,0.4285714285714286,0.3846153846153846,0.6666666666666666,0.8406846609611587,0.5295138888888888,0.6458333333333334,0.5339168490153172,0.3908045977011495,0.4833333333333334,0.711,0.5360360360360361,0.8258733624454148,0.8522727272727273,0.743119266055046,0.7686567164179104,0.75,0.25,0.8549132947976879,0.042033235581622676,0.33658536585365856,0.6568627450980392,0.6170212765957447,0.34615384615384615,0.7422402159244265,0.568,0.1891891891891892,0.6444444444444446,0.5555555555555556,0.29166666666666663,0.5652173913043478,0.3333333333333333,0.0,0.0
acoR,0.6823529411764706,0.24999999999999978,0.5868725868725866,0.7377049180327868,0.6797385620915033,0.7407407407407407,0.35739592559787425,0.0377777777777778,0.3520309477756286,0.6698113207547169,0.6797385620915033,0.36,0.37606837606837606,0.39617577993961756,0.0714285714285714,0.15384615384615385,0.4444444444444443,0.36866359447004604,0.4696180555555555,0.33854166666666663,0.2560175054704595,0.43678160919540243,0.6000000000000001,0.718,0.6936936936936938,0.3460698689956332,0.3791322314049587,0.34174311926605505,0.26119402985074625,0.25,0.25,0.12254335260115609,0.4281524926686217,0.15121951219512195,0.30392156862745096,0.1702127659574468,0.2692307692307693,0.6896086369770581,0.574,0.13513513513513514,0.5333333333333334,0.7777777777777777,0.41666666666666663,0.2608695652173913,0.16666666666666666,0.0,0.0
CacaNito,0.6823529411764706,0.5312499999999996,0.5366795366795363,0.8114754098360654,0.8954248366013073,0.7407407407407407,0.19176262178919398,0.43999999999999995,0.21179883945841393,0.5471698113207546,0.8954248366013073,0.21333333333333337,0.1965811965811966,0.20597115062059712,0.4285714285714286,0.3846153846153846,0.33333333333333326,0.18433179723502302,0.39670138888888884,0.21354166666666666,0.19037199124726475,0.33908045977011503,0.6500000000000001,0.675,0.8108108108108109,0.18941048034934496,0.1756198347107438,0.16972477064220184,0.21641791044776118,0.21875,0.0,0.2179190751445087,0.0009775171065493646,0.06829268292682927,0.10784313725490197,0.06382978723404255,0.07692307692307693,0.4669365721997301,0.462,0.16216216216216217,0.5111111111111113,0.14814814814814814,0.16666666666666666,0.17391304347826086,0.0,0.3333333333333333,0.0
malta,0.7176470588235293,0.5625,0.4285714285714284,0.9180327868852457,0.9302832244008714,0.8703703703703702,0.010186005314437556,0.3155555555555556,0.0,0.6226415094339622,0.9302832244008714,0.45333333333333337,0.0,0.0,0.5714285714285714,0.3076923076923076,0.4444444444444443,0.0052666227781435135,0.4210069444444444,0.0078125,0.0087527352297593,0.13793103448275856,0.2333333333333334,1.0,1.0,0.002729257641921397,0.0,0.009174311926605505,0.014925373134328358,0.03125,0.25,0.013872832369942197,0.0,0.0,0.00980392156862745,0.0,0.0,0.0,0.667,0.05405405405405406,0.48888888888888915,0.037037037037037035,0.0,0.043478260869565216,0.0,0.0,0.0
mezii,0.7294117647058824,0.3125,0.7876447876447874,0.7049180327868851,0.8082788671023966,0.7222222222222221,0.6984056687333924,0.5822222222222222,0.7345261121856866,0.6226415094339622,0.8082788671023966,0.3866666666666667,0.7863247863247864,0.7957061388795705,0.4285714285714286,0.3846153846153846,0.5555555555555555,0.7090190915075708,0.45138888888888884,0.5625,0.4595185995623632,0.39655172413793105,0.5,0.696,0.5540540540540542,0.7139737991266375,0.7231404958677686,0.6169724770642202,0.7164179104477612,0.28125,0.75,0.7023121387283237,0.010752688172043012,0.43414634146341463,0.6004901960784313,0.5106382978723404,0.38461538461538464,0.7098515519568152,0.579,0.16216216216216217,0.5333333333333334,0.7037037037037037,0.4583333333333333,0.43478260869565216,0.5,0.3333333333333333,0.0
iM,0.7529411764705882,0.40625,0.6872586872586872,0.8196721311475408,0.8932461873638342,0.7962962962962961,0.48317094774136404,0.40666666666666673,0.49806576402321084,0.6415094339622641,0.8932461873638342,0.18666666666666665,0.5299145299145299,0.5155987923515599,0.4285714285714286,0.23076923076923073,0.2222222222222222,0.47267939433838047,0.4539930555555555,0.4895833333333333,0.424507658643326,0.36206896551724144,0.6333333333333335,0.735,0.7522522522522523,0.45414847161572053,0.4576446280991736,0.44495412844036697,0.47761194029850745,0.53125,0.0,0.5115606936416185,0.002932551319648094,0.13170731707317074,0.42401960784313725,0.14893617021276595,0.23076923076923078,0.7476383265856951,0.615,0.2702702702702703,0.5111111111111113,0.4444444444444444,0.29166666666666663,0.30434782608695654,0.3333333333333333,0.0,0.0
blameF,0.8588235294117645,0.15624999999999978,0.8455598455598454,0.8114754098360654,0.9760348583877998,0.833333333333333,0.45438441098317095,0.1955555555555556,0.39119922630560927,0.820754716981132,0.9760348583877998,0.8933333333333332,0.4358974358974359,0.46762831264676286,0.4285714285714286,0.23076923076923073,0.4444444444444443,0.4509545753785385,0.5894097222222221,0.4192708333333333,0.21444201312910283,0.7298850574712645,0.7333333333333336,0.765,0.7702702702702704,0.3941048034934498,0.44938016528925623,0.3967889908256881,0.5,0.1875,1.0,0.4699421965317919,0.009775171065493646,0.2146341463414634,0.35049019607843135,0.44680851063829785,0.15384615384615385,0.6248313090418354,0.7959999999999999,0.35135135135135137,0.7555555555555553,0.5555555555555556,0.29166666666666663,0.21739130434782608,0.3333333333333333,0.0,0.0
apEX,0.5764705882352941,0.375,0.6370656370656365,0.5983606557377048,0.6971677559912852,0.5555555555555554,0.6935341009743136,0.3177777777777778,0.8771760154738879,0.46226415094339623,0.6971677559912852,0.7866666666666667,0.8974358974358975,0.9188191881918819,0.7142857142857142,0.3846153846153846,0.2222222222222222,0.7452271231073074,0.18576388888888884,0.5911458333333334,0.6214442013129102,0.26436781609195403,0.3833333333333333,0.785,0.5180180180180181,0.8842794759825328,0.8130165289256199,0.6169724770642202,0.47761194029850745,0.34375,0.25,0.6976878612716763,0.007820136852394917,0.4585365853658537,0.5294117647058824,1.0,0.07692307692307693,1.0,0.47200000000000003,0.13513513513513514,0.40000000000000013,0.3333333333333333,0.41666666666666663,0.34782608695652173,0.3333333333333333,0.0,0.0
xertioN,0.7529411764705882,0.49999999999999956,0.6949806949806945,0.8524590163934425,0.9368191721132897,0.7962962962962961,0.6226749335695305,0.5222222222222224,0.6668278529980658,0.6037735849056604,0.9368191721132897,0.44000000000000006,0.6666666666666667,0.6642066420664208,0.5,0.3076923076923076,0.33333333333333326,0.6273864384463463,0.42447916666666663,0.7395833333333334,0.6520787746170678,0.3563218390804598,0.7500000000000002,0.775,0.918918918918919,0.5676855895196506,0.6342975206611571,0.5596330275229359,0.582089552238806,0.46875,0.5,0.6057803468208093,0.009775171065493646,0.6146341463414634,0.5073529411764706,0.425531914893617,0.3076923076923077,0.8002699055330634,0.63,0.24324324324324326,0.466666666666667,0.3333333333333333,0.375,0.17391304347826086,0.0,0.0,0.0
hallzerk,0.7529411764705882,0.21874999999999978,0.7683397683397679,0.7459016393442622,0.7298474945533768,0.7962962962962961,0.45837023914969,0.15333333333333343,0.42843326885880073,0.7358490566037734,0.7298474945533768,0.2,0.4871794871794872,0.4880912445488091,0.1428571428571429,0.46153846153846145,0.7777777777777776,0.45885450954575374,0.5303819444444444,0.37760416666666663,0.21444201312910283,0.6436781609195402,0.6166666666666667,0.753,0.6531531531531533,0.42085152838427947,0.4545454545454546,0.44266055045871566,0.3656716417910448,0.40625,0.5,0.19826589595375724,0.47116324535679377,0.1073170731707317,0.42401960784313725,0.2978723404255319,0.576923076923077,0.7192982456140351,0.583,0.16216216216216217,0.5333333333333334,0.6296296296296295,0.5,0.43478260869565216,0.5,0.0,0.0
Woro2k,0.7411764705882353,0.2812499999999998,0.6795366795366795,0.7786885245901639,0.7886710239651415,0.7777777777777775,0.354295837023915,0.10888888888888892,0.339458413926499,0.6981132075471699,0.7886710239651415,0.30666666666666675,0.36752136752136755,0.37705467963770545,0.2142857142857143,0.23076923076923073,0.6666666666666666,0.3640552995391705,0.48611111111111105,0.36197916666666663,0.18818380743982493,0.7126436781609197,0.7666666666666666,0.807,0.8243243243243245,0.3187772925764192,0.368801652892562,0.3509174311926606,0.26865671641791045,0.1875,0.25,0.1624277456647399,0.3734115347018573,0.0975609756097561,0.28431372549019607,0.1702127659574468,0.11538461538461539,0.7044534412955467,0.5870000000000001,0.10810810810810811,0.6888888888888889,0.37037037037037035,0.16666666666666666,0.34782608695652173,0.0,0.3333333333333333,0.0
Snax,0.6823529411764706,0.5312499999999996,0.6370656370656365,0.7950819672131147,0.8169934640522876,0.6851851851851851,0.04428697962798937,0.5577777777777777,0.043520309477756286,0.5188679245283019,0.8169934640522876,0.6666666666666667,0.042735042735042736,0.04293861120429386,1.0,0.6153846153846154,0.33333333333333326,0.0467412771560237,0.40972222222222215,0.046875,0.037199124726477024,0.3563218390804598,0.55,0.789,0.7342342342342344,0.03820960698689956,0.04752066115702479,0.0481651376146789,0.029850746268656716,0.0,0.0,0.04335260115606937,0.0019550342130987292,0.04390243902439024,0.0392156862745098,0.02127659574468085,0.15384615384615385,0.6747638326585695,0.625,0.05405405405405406,0.4444444444444444,0.07407407407407407,0.041666666666666664,0.08695652173913043,0.16666666666666666,0.0,0.0
s1ren,0.6235294117647059,0.3125,0.7451737451737452,0.5901639344262294,0.6274509803921571,0.6481481481481479,0.18689105403011516,0.6666666666666667,0.19922630560928434,0.5754716981132075,0.6274509803921571,0.13333333333333336,0.21367521367521372,0.22006038242200604,0.2857142857142857,0.46153846153846145,0.6666666666666666,0.19025674786043448,0.40972222222222215,0.12239583333333333,0.15536105032822756,0.1839080459770115,0.2666666666666666,0.7290000000000001,0.4504504504504505,0.20742358078602618,0.19421487603305784,0.16972477064220184,0.16417910447761194,0.15625,0.0,0.19306358381502892,0.0,0.12682926829268293,0.15441176470588236,0.0851063829787234,0.15384615384615385,0.6261808367071525,0.46399999999999997,0.08108108108108109,0.377777777777778,0.14814814814814814,0.25,0.13043478260869565,0.0,0.0,0.0
JT,0.5294117647058822,0.46874999999999956,0.6486486486486487,0.5901639344262294,0.5555555555555556,0.5185185185185184,0.4393268379096546,0.4866666666666668,0.597678916827853,0.4056603773584906,0.5555555555555556,0.2666666666666667,0.5982905982905984,0.6018114726601811,0.5,0.6923076923076923,0.5555555555555555,0.47267939433838047,0.18923611111111108,0.44531249999999994,0.47264770240700216,0.26436781609195403,0.43333333333333335,0.75,0.6351351351351352,0.5944323144104803,0.5268595041322315,0.3463302752293578,0.3656716417910448,0.21875,0.25,0.438728323699422,0.006842619745845552,0.23414634146341462,0.4117647058823529,0.19148936170212766,0.6153846153846154,0.6842105263157896,0.329,0.13513513513513514,0.2444444444444447,0.6296296296296295,0.5,0.3913043478260869,0.0,0.3333333333333333,0.0
zorte,0.7882352941176471,0.18749999999999978,0.8378378378378373,0.8360655737704916,0.6993464052287581,0.7962962962962961,0.13817537643932684,0.10666666666666669,0.11798839458413926,0.7547169811320753,0.6993464052287581,0.12,0.13675213675213677,0.13955048641395504,0.2142857142857143,0.23076923076923073,0.9999999999999999,0.1389071757735352,0.4600694444444444,0.1484375,0.05470459518599562,1.0,0.8499999999999999,0.6900000000000001,0.7342342342342344,0.11899563318777293,0.1353305785123967,0.13761467889908258,0.1417910447761194,0.03125,0.0,0.06994219653179191,0.13391984359726294,0.058536585365853655,0.11274509803921567,0.02127659574468085,0.0,0.7813765182186235,0.684,0.1891891891891892,0.6222222222222225,0.14814814814814814,0.125,0.2608695652173913,0.0,0.0,0.0
jks,0.7294117647058824,0.18749999999999978,0.8803088803088803,0.6393442622950819,0.7298474945533768,0.6851851851851851,0.6430469441984057,0.5955555555555556,0.648936170212766,0.6603773584905661,0.7298474945533768,0.3733333333333334,0.7350427350427351,0.7520966118752097,0.2142857142857143,0.3076923076923076,0.5555555555555555,0.6675444371296906,0.49652777777777773,0.46354166666666663,0.3347921225382932,0.47126436781609193,0.44999999999999996,0.715,0.4594594594594595,0.6774017467248908,0.703512396694215,0.5688073394495413,0.5074626865671642,0.4375,0.75,0.6554913294797687,0.006842619745845552,0.3853658536585366,0.5318627450980392,0.44680851063829785,0.15384615384615385,0.8947368421052632,0.629,0.32432432432432434,0.5333333333333334,1.0,0.41666666666666663,0.4782608695652174,0.3333333333333333,0.0,0.0
Perfecto,0.6823529411764706,0.21874999999999978,0.8069498069498069,0.581967213114754,0.738562091503268,0.6666666666666665,0.6806908768821966,0.35111111111111115,0.7069632495164411,0.6415094339622641,0.738562091503268,0.4933333333333333,0.7863247863247864,0.8071117074807113,0.3571428571428571,0.3076923076923076,0.5555555555555555,0.7149440421329822,0.46614583333333326,0.3802083333333333,0.3304157549234135,0.3563218390804598,0.31666666666666665,0.762,0.40990990990990994,0.7276200873362445,0.7551652892561984,0.6261467889908258,0.5149253731343284,0.375,0.25,0.6473988439306358,0.03421309872922776,0.47317073170731705,0.6176470588235294,0.851063829787234,0.5384615384615385,0.7246963562753037,0.6,0.21621621621621623,0.377777777777778,0.7777777777777777,0.3333333333333333,0.3913043478260869,0.6666666666666666,0.6666666666666666,0.0
cadiaN,0.7529411764705882,0.12499999999999978,0.7374517374517371,0.7540983606557377,0.7516339869281043,0.7222222222222221,0.7608503100088574,0.02444444444444449,0.7292069632495165,0.7169811320754718,0.7516339869281043,0.7466666666666667,0.8205128205128206,0.8701777926870178,0.2857142857142857,0.23076923076923073,0.4444444444444443,0.7774851876234364,0.5833333333333333,0.7630208333333334,0.4682713347921225,0.5862068965517242,0.6833333333333336,0.752,0.7027027027027027,0.7783842794759825,0.7840909090909092,0.7316513761467891,0.6865671641791045,0.3125,0.25,0.27052023121387286,0.8475073313782991,0.33170731707317075,0.698529411764706,0.7872340425531915,0.42307692307692313,0.8178137651821863,0.657,0.2972972972972973,0.48888888888888915,0.8148148148148148,0.6666666666666666,0.6956521739130435,0.8333333333333333,0.3333333333333333,0.0
nawwk,0.7058823529411764,0.18749999999999978,0.6718146718146714,0.7295081967213114,0.625272331154684,0.7592592592592593,0.22232063773250665,0.15555555555555567,0.20309477756286268,0.7264150943396226,0.625272331154684,0.09333333333333338,0.22222222222222227,0.23716873532371685,0.0,0.15384615384615385,0.6666666666666666,0.22317314022383145,0.47222222222222215,0.19010416666666666,0.07439824945295405,0.9597701149425288,0.6666666666666667,0.703,0.6261261261261262,0.20796943231441048,0.22004132231404958,0.21100917431192662,0.23134328358208955,0.09375,0.0,0.10924855491329481,0.23264907135874877,0.0,0.17892156862745098,0.1276595744680851,0.15384615384615385,0.6045883940620783,0.621,0.1891891891891892,0.6444444444444446,0.25925925925925924,0.29166666666666663,0.2608695652173913,0.3333333333333333,0.0,0.0
Ax1Le,0.7529411764705882,0.4375,0.7104247104247103,0.8114754098360654,0.9128540305010893,0.8148148148148147,0.6328609388839681,0.4422222222222223,0.6518375241779497,0.6415094339622641,0.9128540305010893,0.5866666666666667,0.6666666666666667,0.666890305266689,0.4285714285714286,0.3076923076923076,0.4444444444444443,0.6221198156682027,0.47135416666666663,0.6276041666666666,0.4770240700218818,0.442528735632184,0.6833333333333336,0.748,0.8063063063063063,0.5764192139737991,0.6053719008264463,0.5940366972477065,0.5895522388059702,0.53125,1.0,0.6508670520231213,0.021505376344086023,0.23902439024390243,0.5220588235294118,0.5319148936170213,0.5384615384615385,0.6167341430499326,0.58,0.32432432432432434,0.6000000000000003,0.5555555555555556,0.41666666666666663,0.30434782608695654,0.16666666666666666,0.0,1.0
huNter-,0.7529411764705882,0.34375,0.7606177606177602,0.7295081967213114,0.8605664488017428,0.8148148148148147,0.7736935341009743,0.4311111111111112,0.7659574468085106,0.6886792452830188,0.8605664488017428,0.6000000000000001,0.8034188034188035,0.8161690707816169,0.4285714285714286,0.3076923076923076,0.7777777777777776,0.7794601711652402,0.5425347222222222,0.5755208333333334,0.4573304157549234,0.4137931034482759,0.5,0.766,0.5675675675675677,0.6888646288209607,0.7861570247933884,0.7041284403669725,0.708955223880597,0.5625,0.75,0.7445086705202312,0.00879765395894428,0.751219512195122,0.6691176470588236,0.5531914893617021,0.2692307692307693,0.8758434547908234,0.639,0.21621621621621623,0.6444444444444446,0.48148148148148145,0.4583333333333333,0.30434782608695654,0.16666666666666666,0.0,0.0
roeJ,0.6117647058823528,0.5312499999999996,0.5521235521235521,0.7131147540983606,0.7799564270152506,0.6481481481481479,0.5549158547387067,0.5355555555555556,0.6779497098646036,0.49056603773584906,0.7799564270152506,0.36,0.6324786324786326,0.6672257631667227,0.4285714285714286,0.46153846153846145,0.4444444444444443,0.5681369321922317,0.27170138888888884,0.6484375,0.6608315098468271,0.28160919540229884,0.6000000000000001,0.66,0.7477477477477479,0.6217248908296943,0.5702479338842975,0.555045871559633,0.44776119402985076,0.25,0.25,0.5635838150289018,0.0009775171065493646,0.22439024390243903,0.5465686274509804,0.23404255319148937,0.34615384615384615,0.5964912280701755,0.48100000000000004,0.10810810810810811,0.5111111111111113,0.2222222222222222,0.3333333333333333,0.08695652173913043,0.16666666666666666,0.0,0.0
Aleksib,0.588235294117647,0.34375,0.66023166023166,0.6065573770491802,0.6427015250544661,0.5555555555555554,0.5292294065544729,0.29333333333333333,0.6552224371373307,0.4811320754716981,0.6427015250544661,0.72,0.7008547008547009,0.6970815162697082,0.5714285714285714,0.3846153846153846,0.4444444444444443,0.5510204081632654,0.26215277777777773,0.40885416666666663,0.4442013129102844,0.25287356321839083,0.3500000000000001,0.7590000000000001,0.5045045045045046,0.6844978165938864,0.5733471074380165,0.5091743119266056,0.35074626865671643,0.3125,0.75,0.4901734104046243,0.012707722385141739,0.47804878048780486,0.4926470588235294,0.8723404255319148,0.19230769230769232,0.650472334682861,0.41200000000000003,0.13513513513513514,0.26666666666666683,0.4074074074074074,0.4583333333333333,0.43478260869565216,0.3333333333333333,0.0,0.0
Zyphon,0.6235294117647059,0.625,0.4787644787644787,0.7131147540983606,0.8082788671023966,0.7962962962962961,0.058458813108945976,0.7466666666666666,0.057543520309477764,0.5471698113207546,0.8082788671023966,0.1733333333333334,0.059829059829059825,0.05367326400536733,0.4285714285714286,0.46153846153846145,0.4444444444444443,0.055299539170506916,0.41232638888888884,0.044270833333333336,0.045951859956236324,0.24137931034482762,0.3833333333333333,0.667,0.6081081081081082,0.04858078602620087,0.0506198347107438,0.05963302752293578,0.04477611940298507,0.0625,0.25,0.05491329479768786,0.0,0.058536585365853655,0.07598039215686275,0.0,0.07692307692307693,0.2699055330634278,0.5,0.08108108108108109,0.466666666666667,0.0,0.041666666666666664,0.08695652173913043,0.0,0.0,0.0
sjuush,0.7058823529411764,0.3125,0.7683397683397679,0.6885245901639343,0.7603485838779958,0.7037037037037035,0.7843224092116917,0.4222222222222223,0.8326885880077369,0.6226415094339622,0.7603485838779958,0.3866666666666667,0.8547008547008548,0.8983562562898357,0.3571428571428571,0.5384615384615383,0.6666666666666666,0.8143515470704411,0.44357638888888884,0.6302083333333334,0.5514223194748359,0.3563218390804598,0.4833333333333334,0.757,0.5720720720720721,0.7936681222707423,0.8553719008264463,0.7041284403669725,0.6194029850746269,0.46875,1.0,0.7780346820809249,0.025415444770283478,0.6926829268292682,0.5759803921568628,0.6595744680851063,0.19230769230769232,0.786774628879892,0.6020000000000001,0.1891891891891892,0.4444444444444444,0.8148148148148148,0.75,0.2608695652173913,0.5,0.0,0.0
nexa,0.5764705882352941,0.46874999999999956,0.640926640926641,0.6229508196721311,0.6013071895424837,0.5925925925925923,0.12843224092116917,0.4688888888888889,0.15473887814313347,0.4716981132075472,0.6013071895424837,0.4,0.1452991452991453,0.15665883931566588,0.4285714285714286,0.6923076923076923,0.5555555555555555,0.1283739302172482,0.37499999999999994,0.10156249999999999,0.0700218818380744,0.4655172413793103,0.44999999999999996,0.625,0.4684684684684685,0.15556768558951964,0.1291322314049587,0.11238532110091744,0.12686567164179105,0.125,0.0,0.12890173410404626,0.0,0.13658536585365855,0.10049019607843138,0.10638297872340426,0.07692307692307693,0.47233468286099867,0.5,0.08108108108108109,0.466666666666667,0.14814814814814814,0.125,0.13043478260869565,0.16666666666666666,0.0,0.0
Keoz,0.5411764705882354,0.625,0.49806949806949774,0.6557377049180326,0.6710239651416123,0.5925925925925923,0.3175376439326838,0.6755555555555557,0.42166344294003866,0.42452830188679247,0.6710239651416123,0.2533333333333333,0.37606837606837606,0.39617577993961756,0.2857142857142857,0.3846153846153846,0.33333333333333326,0.33048057932850555,0.2664930555555555,0.34635416666666663,0.33260393873085337,0.3045977011494253,0.55,0.6940000000000001,0.6891891891891893,0.3777292576419214,0.34400826446280997,0.29128440366972475,0.291044776119403,0.0625,0.25,0.31618497109826593,0.022482893450635387,0.22439024390243903,0.2377450980392157,0.2765957446808511,0.07692307692307693,0.6896086369770581,0.36200000000000004,0.10810810810810811,0.288888888888889,0.07407407407407407,0.16666666666666666,0.13043478260869565,0.16666666666666666,0.0,0.0
dycha,0.6941176470588235,0.40625,0.6949806949806945,0.6967213114754097,0.8518518518518519,0.7037037037037035,0.604074402125775,0.48222222222222233,0.6619922630560928,0.5849056603773585,0.8518518518518519,0.6266666666666666,0.6666666666666667,0.6913787319691378,0.5714285714285714,0.23076923076923073,0.4444444444444443,0.6109282422646478,0.39670138888888884,0.49999999999999994,0.4638949671772429,0.3275862068965517,0.46666666666666656,0.6940000000000001,0.5495495495495496,0.6255458515283843,0.6115702479338844,0.5756880733944955,0.5223880597014925,0.46875,0.0,0.5884393063583815,0.011730205278592375,0.40487804878048783,0.553921568627451,0.5319148936170213,0.46153846153846156,0.8002699055330634,0.543,0.1891891891891892,0.5111111111111113,0.37037037037037035,0.125,0.21739130434782608,0.16666666666666666,0.0,0.0
sh1ro,0.8705882352941174,0.09374999999999956,0.8571428571428568,0.8114754098360654,0.8344226579520699,0.9259259259259258,0.6691762621789193,0.046666666666666745,0.5309477756286267,0.9245283018867925,0.8344226579520699,0.2533333333333333,0.6153846153846154,0.6454209996645421,0.0714285714285714,0.15384615384615385,0.7777777777777776,0.6649111257406188,0.759548611111111,0.5130208333333334,0.22757111597374177,0.8735632183908046,0.6833333333333336,0.737,0.6621621621621622,0.506004366812227,0.6590909090909092,0.591743119266055,0.7462686567164178,0.40625,0.25,0.24335260115606938,0.772238514173998,0.1902439024390244,0.5980392156862745,0.5957446808510638,0.5,0.6477732793522267,0.733,0.2702702702702703,0.8888888888888891,0.8148148148148148,0.5,0.7391304347826086,0.16666666666666666,0.0,0.0
NertZ,0.776470588235294,0.3125,0.7297297297297294,0.8196721311475408,0.8583877995642701,0.8148148148148147,0.6563330380868024,0.4733333333333334,0.6329787234042553,0.7075471698113207,0.8583877995642701,0.28,0.6666666666666667,0.6913787319691378,0.2857142857142857,0.23076923076923073,0.4444444444444443,0.6484529295589203,0.5512152777777777,0.6328125,0.4135667396061269,0.5402298850574713,0.7000000000000002,0.721,0.7207207207207208,0.5944323144104803,0.6425619834710744,0.5894495412844037,0.6044776119402985,0.6875,0.75,0.6884393063583815,0.011730205278592375,0.43414634146341463,0.4411764705882353,0.3191489361702128,0.11538461538461539,0.8002699055330634,0.642,0.16216216216216217,0.6000000000000003,0.7777777777777777,0.25,0.5652173913043478,1.0,0.3333333333333333,0.0
Maden,0.6588235294117646,0.4375,0.6949806949806945,0.663934426229508,0.803921568627451,0.7222222222222221,0.6062887511071745,0.5,0.6789168278529981,0.5660377358490566,0.803921568627451,0.4,0.6666666666666667,0.6913787319691378,0.4285714285714286,0.3076923076923076,0.33333333333333326,0.6451612903225806,0.37065972222222215,0.5130208333333334,0.4595185995623632,0.3448275862068966,0.5,0.7170000000000001,0.5810810810810811,0.5971615720524017,0.703512396694215,0.5206422018348624,0.41044776119402987,0.5,0.25,0.5942196531791908,0.012707722385141739,0.4634146341463415,0.5465686274509804,0.3191489361702128,0.23076923076923078,0.8002699055330634,0.531,0.1891891891891892,0.4222222222222223,0.4074074074074074,0.625,0.2608695652173913,0.0,0.0,0.0
HObbit,0.6352941176470588,0.4375,0.6718146718146714,0.6885245901639343,0.7494553376906319,0.6481481481481479,0.6368467670504872,0.3866666666666667,0.7558027079303675,0.5188679245283019,0.7494553376906319,0.44000000000000006,0.7606837606837608,0.7739013753773902,0.5,0.3076923076923076,0.33333333333333326,0.6747860434496379,0.2925347222222222,0.6536458333333334,0.6039387308533917,0.3275862068965517,0.55,0.758,0.7297297297297298,0.7068777292576419,0.7231404958677686,0.5642201834862386,0.5298507462686567,0.21875,0.25,0.6138728323699422,0.030303030303030304,0.5853658536585366,0.5024509803921569,0.6595744680851063,0.38461538461538464,0.6450742240215924,0.489,0.21621621621621623,0.5111111111111113,0.5185185185185185,0.4583333333333333,0.2608695652173913,0.0,0.0,0.0
dexter,0.5411764705882354,0.49999999999999956,0.5637065637065635,0.6065573770491802,0.6209150326797384,0.574074074074074,0.44596988485385297,0.5622222222222222,0.5793036750483559,0.44339622641509424,0.6209150326797384,0.36,0.5470085470085471,0.5726266353572627,0.3571428571428571,0.3846153846153846,0.4444444444444443,0.47202106649111253,0.23524305555555552,0.4505208333333333,0.40919037199124725,0.33908045977011503,0.5166666666666666,0.701,0.6216216216216217,0.5474890829694323,0.5072314049586777,0.39220183486238536,0.3656716417910448,0.09375,0.75,0.43526011560693645,0.01466275659824047,0.3902439024390244,0.3602941176470588,0.2978723404255319,0.23076923076923078,0.6653171390013495,0.358,0.1891891891891892,0.5111111111111113,0.2222222222222222,0.29166666666666663,0.08695652173913043,0.0,0.0,0.0
dupreeh,0.6588235294117646,0.34375,0.7374517374517371,0.663934426229508,0.6884531590413945,0.6481481481481479,0.4313551815766165,0.49111111111111105,0.4796905222437137,0.5660377358490566,0.6884531590413945,0.31999999999999995,0.4871794871794872,0.5155987923515599,0.3571428571428571,0.5384615384615383,0.6666666666666666,0.4509545753785385,0.38541666666666663,0.39843749999999994,0.37855579868708966,0.3160919540229885,0.5,0.7340000000000001,0.6216216216216217,0.4721615720524017,0.4793388429752066,0.3669724770642202,0.41044776119402987,0.15625,0.25,0.43121387283236995,0.007820136852394917,0.28780487804878047,0.38725490196078427,0.2127659574468085,0.3076923076923077,0.8326585695006748,0.55,0.16216216216216217,0.555555555555556,0.4074074074074074,0.4583333333333333,0.13043478260869565,0.0,0.0,0.0
Starry,0.6588235294117646,0.5625,0.548262548262548,0.7868852459016393,0.8431372549019607,0.7222222222222221,0.08724534986713907,0.5755555555555556,0.09381044487427466,0.5283018867924528,0.8431372549019607,0.3466666666666667,0.07692307692307693,0.09023817510902382,0.2142857142857143,0.15384615384615385,0.6666666666666666,0.08492429229756418,0.40364583333333326,0.10156249999999999,0.08971553610503281,0.33333333333333337,0.6500000000000001,0.6,0.7792792792792794,0.08351528384279475,0.08161157024793389,0.08027522935779817,0.09701492537313433,0.03125,0.25,0.09595375722543353,0.0009775171065493646,0.01951219512195122,0.07598039215686275,0.0,0.038461538461538464,0.2253711201079622,0.5,0.08108108108108109,0.5777777777777782,0.14814814814814814,0.0,0.08695652173913043,0.0,0.0,0.0
danistzz,0.5647058823529412,0.49999999999999956,0.8108108108108105,0.5737704918032785,0.514161220043573,0.537037037037037,0.03985828166519044,0.5844444444444445,0.045938104448742745,0.41509433962264153,0.514161220043573,0.14666666666666672,0.042735042735042736,0.045622274404562235,0.7142857142857142,0.9999999999999998,0.8888888888888887,0.03818301514154048,0.39670138888888884,0.023437499999999997,0.019693654266958426,0.28735632183908044,0.25,0.8,0.36936936936936937,0.04967248908296943,0.035123966942148754,0.04357798165137615,0.014925373134328358,0.09375,0.0,0.042774566473988446,0.0019550342130987292,0.029268292682926828,0.029411764705882353,0.0,0.11538461538461539,0.6747638326585695,0.375,0.02702702702702703,0.5333333333333334,0.07407407407407407,0.0,0.043478260869565216,0.16666666666666666,0.0,0.0
Nexius,0.5647058823529412,0.3125,0.49034749034749003,0.5983606557377048,0.5490196078431371,0.6296296296296295,0.04472984942426927,0.788888888888889,0.04061895551257254,0.5660377358490566,0.5490196078431371,0.1733333333333334,0.05128205128205128,0.04662864810466287,0.1428571428571429,0.23076923076923073,0.5555555555555555,0.04476629361421988,0.41579861111111105,0.036458333333333336,0.0437636761487965,0.1839080459770115,0.30000000000000004,0.533,0.36936936936936937,0.04585152838427947,0.04442148760330579,0.04357798165137615,0.029850746268656716,0.0625,0.0,0.0393063583815029,0.0019550342130987292,0.11219512195121951,0.031862745098039214,0.0425531914893617,0.038461538461538464,0.7503373819163294,0.33299999999999996,0.02702702702702703,0.26666666666666683,0.1111111111111111,0.041666666666666664,0.043478260869565216,0.0,0.0,0.0
isak,0.6470588235294117,0.40625,0.6911196911196908,0.6475409836065573,0.7516339869281043,0.6666666666666665,0.33613817537643936,0.45333333333333337,0.3795938104448742,0.5471698113207546,0.7516339869281043,0.2533333333333333,0.37606837606837606,0.39617577993961756,0.4285714285714286,0.3076923076923076,0.4444444444444443,0.34167215273206053,0.37847222222222215,0.25781249999999994,0.2100656455142232,0.3908045977011495,0.44999999999999996,0.72,0.5315315315315317,0.36844978165938863,0.3615702479338843,0.25,0.3731343283582089,0.28125,0.25,0.33352601156069367,0.007820136852394917,0.0975609756097561,0.3480392156862745,0.3191489361702128,0.23076923076923078,0.6896086369770581,0.511,0.13513513513513514,0.3111111111111111,0.3333333333333333,0.16666666666666666,0.3913043478260869,0.0,0.0,0.0
karrigan,0.49411764705882355,0.46874999999999956,0.5366795366795363,0.5983606557377048,0.5577342047930283,0.4814814814814814,0.7112488928255093,0.4111111111111112,1.0,0.3867924528301887,0.5577342047930283,0.4,1.0000000000000002,1.0,0.4285714285714286,0.3076923076923076,0.11111111111111105,0.7649769585253456,0.0,0.7682291666666666,0.9999999999999999,0.1781609195402299,0.3833333333333333,0.7090000000000001,0.5945945945945946,0.9999999999999999,0.8398760330578513,0.6100917431192662,0.5373134328358209,0.3125,0.25,0.6820809248554913,0.01857282502443793,0.7707317073170732,0.573529411764706,0.48936170212765956,0.3076923076923077,0.7530364372469636,0.35000000000000003,0.08108108108108109,0.17777777777777803,0.5185185185185185,0.375,0.34782608695652173,0.5,0.0,0.0
TeSeS,0.6941176470588235,0.375,0.7876447876447874,0.6967213114754097,0.7625272331154682,0.6851851851851851,0.7723649247121346,0.5066666666666668,0.8563829787234043,0.5754716981132075,0.7625272331154682,0.42666666666666664,0.8547008547008548,0.8983562562898357,0.5,0.5384615384615383,0.5555555555555555,0.8057932850559579,0.37760416666666663,0.765625,0.6564551422319475,0.367816091954023,0.5833333333333335,0.7290000000000001,0.6666666666666667,0.8007641921397379,0.8481404958677686,0.6903669724770642,0.6567164179104478,0.40625,0.25,0.7965317919075144,0.0039100684261974585,0.48292682926829267,0.6176470588235294,0.40425531914893614,0.15384615384615385,0.786774628879892,0.5529999999999999,0.13513513513513514,0.466666666666667,0.6296296296296295,0.25,0.2608695652173913,0.0,0.0,0.0
Liazz,0.5647058823529412,0.40625,0.6486486486486487,0.5491803278688524,0.6470588235294117,0.5555555555555554,0.1904340124003543,0.47555555555555573,0.2325918762088975,0.4716981132075472,0.6470588235294117,0.22666666666666668,0.22222222222222227,0.2438778933243878,0.3571428571428571,0.46153846153846145,0.6666666666666666,0.2021066491112574,0.35677083333333326,0.11718749999999999,0.11597374179431072,0.28160919540229884,0.2833333333333332,0.609,0.3603603603603604,0.236353711790393,0.21074380165289255,0.194954128440367,0.11940298507462686,0.0625,0.0,0.19132947976878614,0.0019550342130987292,0.11219512195121951,0.17647058823529413,0.1702127659574468,0.19230769230769232,0.3724696356275304,0.276,0.08108108108108109,0.555555555555556,0.37037037037037035,0.08333333333333333,0.13043478260869565,0.16666666666666666,0.0,0.0
Buzz,0.5999999999999999,0.40625,0.640926640926641,0.6393442622950819,0.6710239651416123,0.6111111111111109,0.37599645704162976,0.4622222222222223,0.44777562862669246,0.5094339622641509,0.6710239651416123,0.08000000000000002,0.4358974358974359,0.46762831264676286,0.3571428571428571,0.3846153846153846,0.4444444444444443,0.38248847926267276,0.33420138888888884,0.35156249999999994,0.4048140043763676,0.22413793103448276,0.41666666666666674,0.728,0.6126126126126127,0.4508733624454148,0.3925619834710744,0.3348623853211009,0.3208955223880597,0.375,0.0,0.3872832369942197,0.004887585532746823,0.16097560975609757,0.3480392156862745,0.1276595744680851,0.038461538461538464,0.6248313090418354,0.40700000000000003,0.08108108108108109,0.33333333333333326,0.25925925925925924,0.041666666666666664,0.13043478260869565,0.16666666666666666,0.3333333333333333,0.0
gla1ve,0.49411764705882355,0.4375,0.6100386100386102,0.49180327868852447,0.5468409586056646,0.4814814814814814,0.18423383525243578,0.5266666666666666,0.25338491295938104,0.3867924528301887,0.5468409586056646,0.5333333333333334,0.23931623931623933,0.2586380409258638,0.3571428571428571,0.3076923076923076,0.33333333333333326,0.20934825543120472,0.30729166666666663,0.15885416666666666,0.20568927789934352,0.1781609195402299,0.30000000000000004,0.774,0.5585585585585586,0.25436681222707425,0.24173553719008264,0.1651376146788991,0.07462686567164178,0.0625,0.0,0.17283236994219656,0.009775171065493646,0.18536585365853658,0.15441176470588236,0.23404255319148937,0.15384615384615385,0.47908232118758437,0.29,0.05405405405405406,0.33333333333333326,0.1111111111111111,0.041666666666666664,0.043478260869565216,0.16666666666666666,0.0,0.0
Snappi,0.5764705882352941,0.46874999999999956,0.6177606177606174,0.6147540983606556,0.7037037037037037,0.5925925925925923,0.5181576616474756,0.44666666666666655,0.6542553191489362,0.46226415094339623,0.7037037037037037,0.48,0.6239316239316239,0.6541429050654144,0.5,0.3076923076923076,0.11111111111111105,0.5490454246214616,0.24218749999999997,0.4817708333333333,0.46608315098468267,0.3045977011494253,0.46666666666666656,0.758,0.6036036036036037,0.6162663755458515,0.5888429752066117,0.45871559633027525,0.417910447761194,0.25,0.0,0.438728323699422,0.012707722385141739,1.0,0.43382352941176466,0.425531914893617,0.2692307692307693,0.8340080971659919,0.395,0.10810810810810811,0.26666666666666683,0.4074074074074074,0.4583333333333333,0.17391304347826086,0.16666666666666666,0.0,0.0
z4kr,0.5411764705882354,0.625,0.40540540540540526,0.6393442622950819,0.7516339869281043,0.6851851851851851,0.08370239149689991,0.7622222222222224,0.09671179883945842,0.4716981132075472,0.7516339869281043,0.28,0.07692307692307693,0.09023817510902382,0.1428571428571429,0.46153846153846145,0.7777777777777776,0.0816326530612245,0.3914930555555555,0.06510416666666666,0.06564551422319474,0.26436781609195403,0.3833333333333333,0.731,0.6171171171171171,0.08624454148471616,0.07954545454545454,0.07110091743119266,0.1044776119402985,0.0625,0.0,0.0832369942196532,0.0019550342130987292,0.07317073170731707,0.0784313725490196,0.02127659574468085,0.11538461538461539,0.2253711201079622,0.33299999999999996,0.05405405405405406,0.6000000000000003,0.037037037037037035,0.08333333333333333,0.08695652173913043,0.0,0.0,0.0
HooXi,0.48235294117647043,0.49999999999999956,0.5714285714285712,0.5491803278688524,0.49891067538126355,0.4444444444444443,0.5593445527015057,0.5155555555555555,0.8172147001934237,0.3584905660377359,0.49891067538126355,0.45333333333333337,0.8034188034188035,0.8161690707816169,0.3571428571428571,0.5384615384615383,0.11111111111111105,0.6050032916392364,0.03038194444444442,0.5677083333333334,0.7417943107221007,0.1781609195402299,0.3500000000000001,0.7809999999999999,0.5720720720720721,0.8335152838427947,0.6632231404958678,0.5000000000000001,0.3805970149253731,0.25,0.0,0.47572254335260117,0.050830889540566956,0.8536585365853658,0.463235294117647,0.5744680851063829,0.38461538461538464,0.8758434547908234,0.289,0.08108108108108109,0.06666666666666687,0.4074074074074074,0.25,0.30434782608695654,0.16666666666666666,0.0,0.0
Staehr,0.588235294117647,0.375,0.640926640926641,0.581967213114754,0.6775599128540306,0.5925925925925923,0.1846767050487157,0.40666666666666673,0.21470019342359767,0.5094339622641509,0.6775599128540306,0.72,0.21367521367521372,0.2271049983227105,0.4285714285714286,0.23076923076923073,0.5555555555555555,0.18762343647136273,0.37760416666666663,0.15364583333333334,0.17286652078774614,0.22988505747126436,0.3666666666666667,0.8,0.5630630630630631,0.2210698689956332,0.19421487603305784,0.15825688073394498,0.16417910447761194,0.15625,0.25,0.18728323699421967,0.0039100684261974585,0.07317073170731707,0.17401960784313725,0.14893617021276595,0.19230769230769232,0.7233468286099866,0.46399999999999997,0.08108108108108109,0.4222222222222223,0.1111111111111111,0.0,0.043478260869565216,0.16666666666666666,0.0,0.0
REZ,0.6352941176470588,0.40625,0.6718146718146714,0.663934426229508,0.7037037037037037,0.6851851851851851,0.3516386182462356,0.43999999999999995,0.3955512572533849,0.5566037735849056,0.7037037037037037,0.29333333333333333,0.4017094017094017,0.41026501174102653,0.3571428571428571,0.3076923076923076,0.5555555555555555,0.34825543120473995,0.38020833333333326,0.2864583333333333,0.28884026258205686,0.28160919540229884,0.41666666666666674,0.6940000000000001,0.5900900900900902,0.38591703056768556,0.34090909090909094,0.33944954128440374,0.2835820895522388,0.34375,0.5,0.35838150289017345,0.00879765395894428,0.09268292682926829,0.34313725490196073,0.23404255319148937,0.2692307692307693,0.45883940620782726,0.54,0.10810810810810811,0.466666666666667,0.2962962962962963,0.375,0.043478260869565216,0.16666666666666666,0.0,0.0
headtr1ck,0.7294117647058824,0.12499999999999978,0.7644787644787643,0.6475409836065573,0.6797385620915033,0.7592592592592593,0.37865367581930914,0.10444444444444445,0.3384912959381044,0.7735849056603772,0.6797385620915033,0.12,0.4017094017094017,0.41026501174102653,0.0,0.23076923076923073,0.5555555555555555,0.38841342988808425,0.5355902777777777,0.25781249999999994,0.15098468271334792,0.6091954022988506,0.4833333333333334,0.73,0.5585585585585586,0.3526200873362445,0.4018595041322314,0.3325688073394496,0.3582089552238806,0.25,0.0,0.17052023121387286,0.3949169110459433,0.11707317073170731,0.3284313725490196,0.0851063829787234,0.15384615384615385,0.45883940620782726,0.6,0.13513513513513514,0.6444444444444446,0.4444444444444444,0.41666666666666663,0.2608695652173913,0.16666666666666666,0.0,0.0
Boombl4,0.45882352941176463,0.5312499999999996,0.4787644787644787,0.5901639344262294,0.5119825708061003,0.4259259259259258,0.07661647475642161,0.18444444444444452,0.11218568665377177,0.320754716981132,0.5119825708061003,0.52,0.11965811965811966,0.10935927541093593,0.8571428571428572,0.6153846153846154,0.33333333333333326,0.0803159973666886,0.34982638888888884,0.08593749999999999,0.09846827133479212,0.21839080459770116,0.3833333333333333,0.8240000000000001,0.6846846846846847,0.11844978165938866,0.08367768595041322,0.07568807339449542,0.05223880597014925,0.0,0.25,0.05317919075144509,0.02737047898338221,0.11219512195121951,0.08333333333333334,0.0425531914893617,0.07692307692307693,0.6356275303643725,0.23500000000000001,0.02702702702702703,0.33333333333333326,0.0,0.041666666666666664,0.08695652173913043,0.16666666666666666,0.0,0.0
Westmelon,0.5058823529411764,0.625,0.4864864864864864,0.5983606557377048,0.7058823529411764,0.6111111111111109,0.0775022143489814,0.6222222222222222,0.09719535783365571,0.41509433962264153,0.7058823529411764,0.08000000000000002,0.07692307692307693,0.09023817510902382,0.4285714285714286,0.46153846153846145,0.6666666666666666,0.0836076366030283,0.37847222222222215,0.08072916666666666,0.06345733041575492,0.38505747126436785,0.5333333333333334,0.562,0.5810810810810811,0.08460698689956331,0.09400826446280991,0.05504587155963303,0.08955223880597014,0.0,0.0,0.08439306358381504,0.0,0.03414634146341464,0.06372549019607843,0.02127659574468085,0.0,0.2253711201079622,0.33299999999999996,0.02702702702702703,0.48888888888888915,0.1111111111111111,0.08333333333333333,0.0,0.0,0.0,0.0
alex,0.6588235294117646,0.40625,0.656370656370656,0.6885245901639343,0.7603485838779958,0.6481481481481479,0.19486271036315325,0.40222222222222226,0.218568665377176,0.5377358490566038,0.7603485838779958,0.30666666666666675,0.22222222222222227,0.22945320362294533,0.3571428571428571,0.5384615384615383,0.7777777777777776,0.19091507570770241,0.39062499999999994,0.15104166666666666,0.12472647702407001,0.37356321839080464,0.43333333333333335,0.6609999999999999,0.5090090090090091,0.22216157205240175,0.17768595041322313,0.20871559633027523,0.16417910447761194,0.15625,0.0,0.19884393063583816,0.007820136852394917,0.1073170731707317,0.1593137254901961,0.10638297872340426,0.11538461538461539,0.6045883940620783,0.517,0.13513513513513514,0.4444444444444444,0.14814814814814814,0.125,0.30434782608695654,0.3333333333333333,0.0,0.0
es3tag,0.42352941176470593,0.5312499999999996,0.47104247104247055,0.5983606557377048,0.46187363834422657,0.4444444444444443,0.01062887511071745,0.6022222222222222,0.009187620889748546,0.3396226415094339,0.46187363834422657,0.3733333333333334,0.008547008547008548,0.009057363300905737,0.8571428571428572,0.6923076923076923,0.33333333333333326,0.00921658986175115,0.4053819444444444,0.013020833333333334,0.028446389496717725,0.02873563218390804,0.06666666666666665,0.5,0.4234234234234235,0.014192139737991265,0.006198347107438017,0.013761467889908258,0.014925373134328358,0.0,0.0,0.010982658959537574,0.0,0.00975609756097561,0.0196078431372549,0.0,0.038461538461538464,0.0,0.25,0.02702702702702703,0.4222222222222223,0.0,0.0,0.043478260869565216,0.0,0.0,0.0
salazar,0.4117647058823529,0.78125,0.791505791505791,0.42622950819672123,0.3856209150326797,0.5185185185185184,0.011957484499557131,0.4244444444444444,0.012088974854932297,0.320754716981132,0.3856209150326797,0.053333333333333344,0.008547008547008548,0.009057363300905737,0.6428571428571428,0.3846153846153846,0.6666666666666666,0.014483212639894667,0.40277777777777773,0.018229166666666664,0.002188183807439825,0.9597701149425288,0.6500000000000001,0.625,0.7747747747747749,0.00982532751091703,0.01962809917355372,0.0022935779816513763,0.014925373134328358,0.0,0.0,0.004624277456647398,0.015640273704789834,0.004878048780487805,0.012254901960784312,0.0425531914893617,0.038461538461538464,0.0,0.0,0.0,0.4222222222222223,0.0,0.0,0.043478260869565216,0.0,0.0,0.0
EmiliaQAQ,0.5294117647058822,0.75,0.5366795366795363,0.663934426229508,0.710239651416122,0.6296296296296295,0.07927369353410098,0.8444444444444446,0.10348162475822051,0.39622641509433965,0.710239651416122,0.0,0.07692307692307693,0.09023817510902382,0.3571428571428571,0.846153846153846,0.5555555555555555,0.0816326530612245,0.37065972222222215,0.09114583333333333,0.09409190371991247,0.25862068965517243,0.5166666666666666,0.667,0.7792792792792794,0.08624454148471616,0.08677685950413223,0.06192660550458716,0.08955223880597014,0.0,0.25,0.07919075144508671,0.0039100684261974585,0.024390243902439025,0.08823529411764705,0.0,0.07692307692307693,0.2253711201079622,0.25,0.08108108108108109,0.288888888888889,0.14814814814814814,0.0,0.0,0.0,0.0,0.0
Sico,0.48235294117647043,0.59375,0.5250965250965249,0.5327868852459016,0.6230936819172115,0.537037037037037,0.18689105403011516,0.5,0.2562862669245648,0.3867924528301887,0.6230936819172115,0.4666666666666668,0.22222222222222227,0.2438778933243878,0.4285714285714286,0.3846153846153846,0.6666666666666666,0.20078999341672152,0.30729166666666663,0.16145833333333334,0.13785557986870894,0.3563218390804598,0.43333333333333335,0.698,0.5675675675675677,0.23744541484716158,0.22004132231404958,0.1651376146788991,0.11194029850746269,0.15625,0.0,0.1763005780346821,0.021505376344086023,0.07317073170731707,0.18137254901960784,0.2553191489361702,0.038461538461538464,0.3724696356275304,0.31,0.05405405405405406,0.6444444444444446,0.0,0.041666666666666664,0.043478260869565216,0.0,0.0,0.0
Jee,0.5176470588235293,0.34375,0.6293436293436292,0.4508196721311474,0.5642701525054465,0.537037037037037,0.07174490699734279,0.07333333333333336,0.08220502901353965,0.4716981132075472,0.5642701525054465,0.053333333333333344,0.07692307692307693,0.09023817510902382,0.1428571428571429,0.3076923076923076,0.5555555555555555,0.07899934167215272,0.39409722222222215,0.049479166666666664,0.03063457330415755,0.4885057471264368,0.3666666666666667,0.7000000000000001,0.45495495495495497,0.08842794759825326,0.09194214876033058,0.0481651376146789,0.06716417910447761,0.03125,0.0,0.02369942196531792,0.093841642228739,0.00975609756097561,0.06862745098039216,0.02127659574468085,0.07692307692307693,0.2253711201079622,0.33299999999999996,0.05405405405405406,0.5111111111111113,0.037037037037037035,0.25,0.13043478260869565,0.16666666666666666,0.0,0.0
pz,0.22352941176470587,0.8749999999999996,0.0888030888030884,0.36065573770491793,0.5119825708061003,0.37037037037037024,0.0035429583702391507,0.4311111111111112,0.0029013539651837512,0.19811320754716977,0.5119825708061003,0.33333333333333337,0.0,0.0,0.5714285714285714,0.0,0.0,0.0019749835418038167,0.40277777777777773,0.005208333333333334,0.006564551422319475,0.09770114942528735,0.1333333333333333,0.33299999999999996,0.2522522522522523,0.005458515283842794,0.0,0.0022935779816513763,0.014925373134328358,0.0,0.0,0.0,0.010752688172043012,0.0,0.0024509803921568627,0.0,0.038461538461538464,0.0,0.0,0.0,0.5333333333333334,0.0,0.0,0.0,0.0,0.0,0.0
Vexite,0.6117647058823528,0.59375,0.5598455598455594,0.7622950819672131,0.7211328976034859,0.7222222222222221,0.2196634189548273,0.7333333333333334,0.25870406189555123,0.5,0.7211328976034859,0.22666666666666668,0.22222222222222227,0.2438778933243878,0.2142857142857143,0.46153846153846145,0.6666666666666666,0.21856484529295586,0.36718749999999994,0.27343749999999994,0.2100656455142232,0.4252873563218391,0.7666666666666666,0.557,0.7612612612612613,0.22270742358078602,0.21384297520661158,0.213302752293578,0.18656716417910446,0.21875,0.0,0.2202312138728324,0.004887585532746823,0.12682926829268293,0.2058823529411765,0.10638297872340426,0.15384615384615385,0.3724696356275304,0.483,0.10810810810810811,0.6000000000000003,0.1111111111111111,0.125,0.08695652173913043,0.0,0.0,0.0
b0RUP,0.49411764705882355,0.46874999999999956,0.5328185328185326,0.5655737704918031,0.514161220043573,0.5,0.16651904340124005,0.6955555555555557,0.2258220502901354,0.39622641509433965,0.514161220043573,0.5066666666666667,0.21367521367521372,0.2271049983227105,0.2142857142857143,0.46153846153846145,0.11111111111111105,0.1770901909150757,0.32204861111111105,0.16145833333333334,0.17943107221006563,0.23563218390804597,0.3833333333333333,0.762,0.5630630630630631,0.22980349344978165,0.20041322314049587,0.10779816513761468,0.1791044776119403,0.125,0.0,0.16878612716763008,0.0,0.14146341463414633,0.12745098039215688,0.19148936170212766,0.07692307692307693,0.7233468286099866,0.25,0.10810810810810811,0.40000000000000013,0.2222222222222222,0.041666666666666664,0.13043478260869565,0.16666666666666666,0.0,0.0
hazr,0.14117647058823524,1.0,0.2895752895752892,0.3442622950819672,0.30065359477124187,0.11111111111111105,0.0,1.0000000000000002,0.003868471953578336,0.02830188679245288,0.30065359477124187,0.2533333333333333,0.0,0.0,0.7857142857142856,0.46153846153846145,0.2222222222222222,0.0,0.39409722222222215,0.015624999999999998,0.021881838074398252,0.12068965517241381,0.3833333333333333,0.429,0.7522522522522523,0.007096069868995632,0.0,0.0,0.0,0.0,0.0,0.0017341040462427746,0.0,0.00975609756097561,0.0,0.0,0.0,0.0,0.0,0.0,0.5777777777777782,0.0,0.0,0.0,0.0,0.0,0.0
B1ad3,0.08235294117647063,0.625,0.0,0.21311475409836061,0.0,0.0,0.008857395925597875,0.21777777777777785,0.03191489361702128,0.0,0.0,0.06666666666666671,0.03418803418803419,0.029184837302918487,0.3571428571428571,0.5384615384615383,0.0,0.00855826201448321,0.36111111111111105,0.013020833333333334,0.03282275711159738,0.0,0.0,0.667,0.2522522522522523,0.047489082969432314,0.007231404958677686,0.011467889908256881,0.007462686567164179,0.0,0.0,0.009248554913294798,0.005865102639296188,0.00975609756097561,0.0024509803921568627,0.0,0.0,0.5789473684210527,0.0,0.0,0.0,0.037037037037037035,0.0,0.0,0.0,0.0,0.0
BRACE,0.0,1.0,0.15444015444015413,0.0,0.08932461873638342,0.18518518518518512,0.0008857395925597877,0.42000000000000015,0.003868471953578336,0.06603773584905664,0.08932461873638342,0.2533333333333333,0.0,0.0,0.0714285714285714,0.0,0.2222222222222222,0.0013166556945358784,0.39583333333333326,0.0,0.0,0.0,0.0,0.0,0.0,0.006004366812227074,0.002066115702479339,0.0,0.0,0.0,0.0,0.0,0.0,0.01951219512195122,0.004901960784313725,0.02127659574468085,0.0,0.0,0.0,0.0,0.22222222222222254,0.0,0.0,0.0,0.0,0.0,0.0
